gene,pi,ll,llr,mut_count,mut_freq,mut_frac
DNMT3A,0.1685154045456677,-93.65506988875003,57.6725230994393,41,39,0.9512195121951219
NRAS,0.0646478607647486,-48.95472437591702,24.38430527140386,15,15,1.0
IDH1,0.0744322230990768,-55.13375580074961,23.93556288413987,18,18,1.0
U2AF1,0.0288866665722241,-30.170304543851444,7.919409290353585,8,8,1.0
RUNX1,0.021221341508817,-31.74465957039568,3.4948617927602896,9,8,0.8888888888888888
KRAS,0.0142771325919719,-27.330935676605108,1.2599016253203246,8,8,1.0
GCLM,0.0033124749741492,-5.819498473826419,0.6483289302763247,1,1,1.0
POC1A,0.0029255496394823,-5.879168042771777,0.4595005795042954,1,1,1.0
TP53,0.0097885917681841,-32.57975366190772,0.3939890176039,11,11,1.0
PPPDE2,0.0022099708977306,-5.6206628966569125,0.2249831617893924,1,1,1.0
ATP11B,0.0018662338095571,-5.56530673551473,0.1496825907406123,1,1,1.0
HSPB7,0.0018576434941309,-5.61455464812063,0.1480215901530872,1,1,1.0
NDUFA13,0.0018519176546227,-5.55385587434384,0.1469204349540174,1,1,1.0
KRT27,0.0018087417796348,-5.540838294158822,0.1395615852267706,1,1,1.0
TFAM,0.0015975651859535,-5.502071534810104,0.1045648527014506,1,1,1.0
HDAC2,0.0015400048762065,-5.593997618528075,0.0958560048695904,1,1,1.0
RPL4,0.0014653773093969,-5.4777887691703695,0.0857722511362641,1,1,1.0
RBBP4,0.0019866261863922,-9.419160754619446,0.07992720979896,2,2,1.0
GSTK1,0.0019718820194861,-9.66356734007498,0.0759730824487299,2,2,1.0
KLRK1,0.0013570602909745,-5.457254568178712,0.0716137503292433,1,1,1.0
NECAB2,0.0012861699458257,-5.453004120725873,0.0636590623898492,1,1,1.0
HIST1H3D,0.0012742944780467,-5.476313932157502,0.0622797863345745,1,1,1.0
VASH1,0.001242565354961,-5.542613972293422,0.0586678114007721,1,1,1.0
CDC42,0.0011846447907719,-5.425842284893667,0.0528433180456229,1,1,1.0
GNA15,0.0010949507230519,-5.645521056079226,0.0438714439126659,1,1,1.0
RAB23,0.001025438127005,-5.403928510031573,0.0379542645206214,1,1,1.0
SEPX1,0.0009777282131827,-5.38639898937934,0.0338098195653113,1,1,1.0
C8orf84,0.0006140319610696,-5.35657305323118,0.0113382773647376,1,1,1.0
RAB15,0.0005137963335103,-5.331362671445215,0.0069587613526707,1,1,1.0
C20orf24,1.0080825063596421e-13,-5.222896315477429,2.842170943040401e-13,1,1,1.0
KIAA1239,0.0,-0.0147773389671782,0.0,1,1,1.0
ARHGAP40,0.0,-0.0850552494966905,0.0,1,1,1.0
C17orf97,0.0,-0.0612107310452281,0.0,1,1,1.0
UPF1,3.3306690738754696e-16,-0.3463315167937656,-8.082423619271141e-14,1,1,1.0
NEB,3.3306690738754696e-16,-0.3881008201861227,-8.082423619271141e-14,1,1,1.0
ARHGEF5,3.3306690738754696e-16,-0.3573458597639223,-8.082423619271141e-14,1,1,1.0
CENPF,3.3306690738754696e-16,-0.3308588433283552,-8.082423619271141e-14,1,1,1.0
FAT1,3.3306690738754696e-16,-0.406072826124768,-8.082423619271141e-14,1,1,1.0
NAT8L,3.3306690738754696e-16,-0.3582122232576075,-8.082423619271141e-14,1,1,1.0
PRAMEF16,3.3306690738754696e-16,-0.364643113588089,-8.082423619271141e-14,1,1,1.0
NLRP11,3.3306690738754696e-16,-0.3948148526433619,-8.082423619271141e-14,1,1,1.0
HELZ,3.3306690738754696e-16,-0.3449767061793359,-8.082423619271141e-14,1,1,1.0
DYNC2H1,3.3306690738754696e-16,-0.4020020746539053,-8.082423619271141e-14,1,1,1.0
KCNT1,3.3306690738754696e-16,-0.3287665427742872,-8.082423619271141e-14,1,1,1.0
KIAA1109,3.3306690738754696e-16,-0.398481142779969,-8.082423619271141e-14,1,1,1.0
SCN3A,3.3306690738754696e-16,-0.4093422010046602,-8.082423619271141e-14,1,1,1.0
NOTCH2,3.3306690738754696e-16,-0.5189633371410918,-1.2145839889399213e-13,1,1,1.0
MUC6,3.3306690738754696e-16,-0.5096172767426349,-1.2145839889399213e-13,1,1,1.0
RIF1,3.3306690738754696e-16,-0.503611069973037,-1.2145839889399213e-13,1,1,1.0
MLLT4,3.3306690738754696e-16,-0.5253537243289128,-1.2145839889399213e-13,1,1,1.0
LRIT1,3.3306690738754696e-16,-0.4578330936263549,-1.2156942119645464e-13,1,1,1.0
SORCS3,3.3306690738754696e-16,-0.4116570783590458,-1.2156942119645464e-13,1,1,1.0
UQCC,3.3306690738754696e-16,-0.4499598749585555,-1.2156942119645464e-13,1,1,1.0
VCAN,3.3306690738754696e-16,-0.4377326725080518,-1.2156942119645464e-13,1,1,1.0
DNAH5,3.3306690738754696e-16,-0.4841388244240686,-1.2156942119645464e-13,1,1,1.0
ZBED4,3.3306690738754696e-16,-0.4737389018192214,-1.2156942119645464e-13,1,1,1.0
PTPRE,3.3306690738754696e-16,-0.4160171540734762,-1.2156942119645464e-13,1,1,1.0
MXRA5,3.3306690738754696e-16,-0.5179565067083485,-1.2168044349891718e-13,1,1,1.0
DOCK2,3.3306690738754696e-16,-1.2165651842662482,-1.2168044349891718e-13,1,1,1.0
PLEC,3.3306690738754696e-16,-0.5366538311446373,-1.2168044349891718e-13,1,1,1.0
MLL2,3.3306690738754696e-16,-0.453923063498284,-1.2168044349891718e-13,1,1,1.0
FREM2,3.3306690738754696e-16,-0.5341723546299062,-1.2168044349891718e-13,1,1,1.0
BPTF,3.3306690738754696e-16,-0.5214890586285645,-1.2168044349891718e-13,1,1,1.0
KATNAL2,3.3306690738754696e-16,-0.5124227492816016,-1.2168044349891718e-13,1,1,1.0
DIAPH2,3.3306690738754696e-16,-0.5322168137473562,-1.2168044349891718e-13,1,1,1.0
HERC2,3.3306690738754696e-16,-0.5192739498889448,-1.2168044349891718e-13,1,1,1.0
DOPEY2,3.3306690738754696e-16,-0.5238569589928982,-1.2168044349891718e-13,1,1,1.0
SCML2,3.3306690738754696e-16,-7.576166248138241,-1.2434497875801753e-13,1,1,1.0
PTPRN,3.3306690738754696e-16,-4.539452995133907,-1.2789769243681806e-13,1,1,1.0
DCHS2,3.3306690738754696e-16,-0.5511903968727792,-1.6164847238542282e-13,1,1,1.0
COL22A1,4.440892098500626e-16,-0.6368316386070446,-1.6164847238542282e-13,1,1,1.0
GPR98,4.440892098500626e-16,-0.6247239021978103,-1.6164847238542282e-13,1,1,1.0
ADAMTS17,4.440892098500626e-16,-0.5919707714254754,-1.6164847238542282e-13,1,1,1.0
SIGLEC1,4.440892098500626e-16,-0.6242900956170515,-1.6164847238542282e-13,1,1,1.0
SIDT2,4.440892098500626e-16,-0.6482547694523317,-1.6164847238542282e-13,1,1,1.0
AKAP12,4.440892098500626e-16,-0.6453608387219799,-1.6164847238542282e-13,1,1,1.0
VPS13B,4.440892098500626e-16,-0.549629384841036,-1.6164847238542282e-13,1,1,1.0
ARHGAP39,4.440892098500626e-16,-0.6468866771866386,-1.6164847238542282e-13,1,1,1.0
CUL9,4.440892098500626e-16,-0.5990338889895055,-1.6164847238542282e-13,1,1,1.0
C2,4.440892098500626e-16,-0.5835849780486014,-1.6164847238542282e-13,1,1,1.0
DNAH3,4.440892098500626e-16,-0.5461738198356115,-1.6164847238542282e-13,1,1,1.0
DNAH11,4.440892098500626e-16,-0.5785609149898745,-1.6164847238542282e-13,1,1,1.0
C9orf93,3.3306690738754696e-16,-0.5555258026851071,-1.6164847238542282e-13,1,1,1.0
LRFN3,4.440892098500626e-16,-0.6334279458580694,-1.6164847238542282e-13,1,1,1.0
QRICH2,4.440892098500626e-16,-0.6203002276089035,-1.6164847238542282e-13,1,1,1.0
POM121C,4.440892098500626e-16,-0.6413140319237652,-1.6164847238542282e-13,1,1,1.0
MTMR3,3.3306690738754696e-16,-0.5377868174947154,-1.6187051699034782e-13,1,1,1.0
MYST4,3.3306690738754696e-16,-0.5401769616147148,-1.6209256159527285e-13,1,1,1.0
KLF15,3.3306690738754696e-16,-0.5389965007333963,-1.6209256159527285e-13,1,1,1.0
CELSR3,6.661338147750939e-16,-0.7444961320289722,-2.0183854587685346e-13,1,1,1.0
KRTAP26-1,6.661338147750939e-16,-0.7357067949788442,-2.0183854587685346e-13,1,1,1.0
ANK2,6.661338147750939e-16,-0.7334812511982008,-2.0183854587685346e-13,1,1,1.0
OTOA,6.661338147750939e-16,-0.7414657578309388,-2.0183854587685346e-13,1,1,1.0
MED14,6.661338147750939e-16,-0.7430882096942797,-2.0183854587685346e-13,1,1,1.0
ELMOD1,6.661338147750939e-16,-0.7314293671313568,-2.0183854587685346e-13,1,1,1.0
TUBGCP6,6.661338147750939e-16,-0.7315314235712422,-2.0183854587685346e-13,1,1,1.0
COL5A3,6.661338147750939e-16,-0.6984550486396176,-2.0206059048177852e-13,1,1,1.0
TBC1D8,6.661338147750939e-16,-0.7027130417483124,-2.0206059048177852e-13,1,1,1.0
RP1,6.661338147750939e-16,-0.6931471805638567,-2.0206059048177852e-13,1,1,1.0
PKIB,6.661338147750939e-16,-0.7008100533056145,-2.0206059048177852e-13,1,1,1.0
C10orf118,6.661338147750939e-16,-0.7139675894069216,-2.0206059048177852e-13,1,1,1.0
EPHA8,6.661338147750939e-16,-0.7058862063371281,-2.0206059048177852e-13,1,1,1.0
PARP14,6.661338147750939e-16,-0.7136711765380015,-2.0206059048177852e-13,1,1,1.0
CASC5,6.661338147750939e-16,-0.7281513188209929,-2.0206059048177852e-13,1,1,1.0
SBF2,6.661338147750939e-16,-0.6980854622007528,-2.0206059048177852e-13,1,1,1.0
WNK1,6.661338147750939e-16,-0.707036292697113,-2.0206059048177852e-13,1,1,1.0
SLC12A1,6.661338147750939e-16,-0.7170527014136077,-2.0206059048177852e-13,1,1,1.0
NLRP8,4.440892098500626e-16,-0.6579725542434165,-2.0250467969162853e-13,1,1,1.0
CFHR2,4.440892098500626e-16,-0.6513000706250852,-2.0250467969162853e-13,1,1,1.0
NF1,6.661338147750939e-16,-1.388782813493764,-2.0250467969162853e-13,1,1,1.0
SAGE1,4.440892098500626e-16,-0.654757291008541,-2.0250467969162853e-13,1,1,1.0
DYNC1H1,4.440892098500626e-16,-0.6900172875517558,-2.0250467969162853e-13,1,1,1.0
ALMS1,4.440892098500626e-16,-0.6667008316509158,-2.0250467969162853e-13,1,1,1.0
MYCBP2,4.440892098500626e-16,-0.65293012059543,-2.0250467969162853e-13,1,1,1.0
CSMD1,4.440892098500626e-16,-6.9354454901768925,-2.042810365310288e-13,2,2,1.0
ASB15,6.661338147750939e-16,-0.8247235383492858,-2.418065747633591e-13,1,1,1.0
CR1,6.661338147750939e-16,-0.8279642470698791,-2.418065747633591e-13,1,1,1.0
KRTAP24-1,6.661338147750939e-16,-0.8302267732402769,-2.418065747633591e-13,1,1,1.0
BBS7,6.661338147750939e-16,-0.8112598684356515,-2.418065747633591e-13,1,1,1.0
HERC1,6.661338147750939e-16,-0.8177277426585835,-2.418065747633591e-13,1,1,1.0
PCLO,6.661338147750939e-16,-0.8023464725250806,-2.418065747633591e-13,1,1,1.0
AFF4,6.661338147750939e-16,-0.8181067982515133,-2.4202861936828413e-13,1,1,1.0
C3,6.661338147750939e-16,-0.8174962279869151,-2.4202861936828413e-13,1,1,1.0
UBN2,6.661338147750939e-16,-0.8128964336702967,-2.4202861936828413e-13,1,1,1.0
XIRP2,6.661338147750939e-16,-0.8270490579017252,-2.4202861936828413e-13,1,1,1.0
SPEN,6.661338147750939e-16,-1.565528771541843,-2.4202861936828413e-13,2,2,1.0
P2RY2,6.661338147750939e-16,-0.8127279695146473,-2.4202861936828413e-13,1,1,1.0
LAMA3,6.661338147750939e-16,-0.8418069906403008,-2.4202861936828413e-13,1,1,1.0
WSCD2,6.661338147750939e-16,-0.7884573603634027,-2.422506639732092e-13,1,1,1.0
ANKRD26,6.661338147750939e-16,-0.7876936203503039,-2.422506639732092e-13,1,1,1.0
BOD1L,6.661338147750939e-16,-0.7652859026603741,-2.424727085781342e-13,1,1,1.0
ZNF518B,6.661338147750939e-16,-1.5099729959272357,-2.424727085781342e-13,1,1,1.0
CACNA2D3,6.661338147750939e-16,-1.5230107762728344,-2.424727085781342e-13,1,1,1.0
NOTCH1,6.661338147750939e-16,-0.7746680851033793,-2.424727085781342e-13,1,1,1.0
DOCK9,6.661338147750939e-16,-0.7523900141237694,-2.424727085781342e-13,1,1,1.0
NAV1,6.661338147750939e-16,-1.1895785855573495,-2.424727085781342e-13,1,1,1.0
CCDC67,6.661338147750939e-16,-3.705458897883697,-2.460254222569347e-13,1,1,1.0
CUL3,7.771561172376097e-16,-0.9128148854908024,-2.8199664825478976e-13,1,1,1.0
PRDM9,7.771561172376097e-16,-0.9157500451903208,-2.8199664825478976e-13,1,1,1.0
EFCAB6,7.771561172376097e-16,-0.9119935120253606,-2.8199664825478976e-13,1,1,1.0
HNRNPUL1,7.771561172376097e-16,-0.9193348742575428,-2.8199664825478976e-13,1,1,1.0
DOCK5,7.771561172376097e-16,-0.9040206392830036,-2.8199664825478976e-13,1,1,1.0
PKHD1,7.771561172376097e-16,-0.9060967102269888,-2.8199664825478976e-13,1,1,1.0
VPS13C,7.771561172376097e-16,-0.8597012791070987,-2.822186928597148e-13,1,1,1.0
NAPA,7.771561172376097e-16,-0.911836381525556,-2.822186928597148e-13,1,1,1.0
DMD,7.771561172376097e-16,-0.8735730021893734,-2.822186928597148e-13,1,1,1.0
SYNE1,7.771561172376097e-16,-0.9039702474894104,-2.822186928597148e-13,1,1,1.0
GPR6,7.771561172376097e-16,-0.8746593483986365,-2.822186928597148e-13,1,1,1.0
MPL,7.771561172376097e-16,-0.8486805083740866,-2.822186928597148e-13,1,1,1.0
ZFHX4,7.771561172376097e-16,-0.9127917947627384,-2.822186928597148e-13,1,1,1.0
SLC7A13,7.771561172376097e-16,-0.8556661100578609,-2.822186928597148e-13,1,1,1.0
ATP6AP2,7.771561172376097e-16,-0.8811994120630242,-2.824407374646398e-13,1,1,1.0
MUC17,7.771561172376097e-16,-0.8661177398463726,-2.824407374646398e-13,1,1,1.0
B3GALT5,7.771561172376097e-16,-0.8434293836103799,-2.826627820695649e-13,1,1,1.0
RYR1,7.771561172376097e-16,-4.52364991873597,-2.842170943040401e-13,1,1,1.0
PHF6,7.771561172376097e-16,-3.406193043063612,-2.8688162956314045e-13,2,2,1.0
PLRG1,8.881784197001252e-16,-1.00144854021453,-3.2152058793144533e-13,1,1,1.0
ADNP,8.881784197001252e-16,-2.256458190284481,-3.2152058793144533e-13,1,1,1.0
HSPG2,8.881784197001252e-16,-1.0029352373532463,-3.2152058793144533e-13,1,1,1.0
PPP2R2B,8.881784197001252e-16,-0.9994056385848344,-3.217426325363704e-13,1,1,1.0
THRB,8.881784197001252e-16,-0.9954280524330434,-3.217426325363704e-13,1,1,1.0
GPR101,8.881784197001252e-16,-0.9684287398134094,-3.219646771412954e-13,1,1,1.0
C10orf120,8.881784197001252e-16,-0.9467904595208296,-3.219646771412954e-13,1,1,1.0
GCN1L1,8.881784197001252e-16,-0.9545729184457532,-3.221867217462205e-13,1,1,1.0
COL11A2,8.881784197001252e-16,-0.979246523438794,-3.221867217462205e-13,1,1,1.0
FANCI,8.881784197001252e-16,-0.9795843332105298,-3.221867217462205e-13,1,1,1.0
LARS,8.881784197001252e-16,-0.9725672302594623,-3.221867217462205e-13,1,1,1.0
SDK2,8.881784197001252e-16,-0.9534807350575438,-3.221867217462205e-13,1,1,1.0
FANCM,8.881784197001252e-16,-0.9767224710594083,-3.221867217462205e-13,1,1,1.0
TRO,8.881784197001252e-16,-0.9720842299613442,-3.221867217462205e-13,1,1,1.0
SNED1,8.881784197001252e-16,-0.9479995569783362,-3.221867217462205e-13,1,1,1.0
SREBF2,8.881784197001252e-16,-0.9640029612602824,-3.221867217462205e-13,1,1,1.0
GPR112,8.881784197001252e-16,-1.182872333112916,-3.2240876635114546e-13,2,2,1.0
ZNF229,8.881784197001252e-16,-0.939559358812564,-3.2240876635114546e-13,1,1,1.0
KCNH8,8.881784197001252e-16,-0.932319570158304,-3.2240876635114546e-13,1,1,1.0
NOS1,8.881784197001252e-16,-0.9343092373771263,-3.2240876635114546e-13,1,1,1.0
PPP1R3A,8.881784197001252e-16,-1.1170051257178577,-3.2240876635114546e-13,2,2,1.0
FLG,8.881784197001252e-16,-1.1362529413483364,-3.2240876635114546e-13,2,2,1.0
KLHDC7A,8.881784197001252e-16,-0.9407092592220372,-3.226308109560705e-13,1,1,1.0
MTMR8,1.1102230246251563e-15,-1.279074550600066,-3.6148861681795097e-13,2,2,1.0
ANKRD12,8.881784197001252e-16,-1.0312944594408686,-3.628208844475012e-13,1,1,1.0
CCL21,1.1102230246251563e-15,-1.0740711797520357,-3.628208844475012e-13,1,1,1.0
MICAL2,1.1102230246251563e-15,-1.0675243318621142,-3.632649736573512e-13,1,1,1.0
TJAP1,8.881784197001252e-16,-1.0372433422891845,-3.632649736573512e-13,1,1,1.0
VPS13D,1.1102230246251563e-15,-1.074004287868047,-3.6370906286720133e-13,1,1,1.0
JMJD1C,8.881784197001252e-16,-1.0433997793154048,-3.6370906286720133e-13,1,1,1.0
PLXNA4,8.881784197001252e-16,-1.0119338565802538,-3.6370906286720133e-13,1,1,1.0
CELSR1,8.881784197001252e-16,-1.0116009117047728,-3.641531520770514e-13,1,1,1.0
KIAA1683,8.881784197001252e-16,-2.8086625183804603,-3.641531520770514e-13,1,1,1.0
LRWD1,8.881784197001252e-16,-1.028748968845503,-3.645972412869014e-13,1,1,1.0
DSCAM,8.881784197001252e-16,-1.024241745948712,-3.645972412869014e-13,1,1,1.0
NOX3,8.881784197001252e-16,-1.020000401099606,-3.6504133049675147e-13,1,1,1.0
YEATS2,8.881784197001252e-16,-1.0399895313241363,-3.6504133049675147e-13,1,1,1.0
PXDNL,8.881784197001252e-16,-1.0150913166186917,-3.6504133049675147e-13,1,1,1.0
BMP10,8.881784197001252e-16,-1.0455418537041632,-3.6548541970660153e-13,1,1,1.0
SPHKAP,8.881784197001252e-16,-1.0277043192451865,-3.6548541970660153e-13,1,1,1.0
SLC24A4,8.881784197001252e-16,-1.0185096271599845,-3.659295089164516e-13,1,1,1.0
ATP13A5,1.1102230246251563e-15,-1.1244917366786655,-4.014566457044566e-13,1,1,1.0
FAT2,1.2212453270876722e-15,-1.132097560003077,-4.014566457044566e-13,1,1,1.0
USP11,1.1102230246251563e-15,-1.1127145547290829,-4.0190073491430667e-13,1,1,1.0
STXBP5L,1.1102230246251563e-15,-1.0986122886682514,-4.0190073491430667e-13,1,1,1.0
MUC5B,1.1102230246251563e-15,-1.532053091097824,-4.0190073491430667e-13,3,2,0.6666666666666666
ZBTB33,1.1102230246251563e-15,-1.3555751614696607,-4.0190073491430667e-13,2,2,1.0
PCDH11X,1.1102230246251563e-15,-1.0868845944862378,-4.0190073491430667e-13,1,1,1.0
RNF213,1.2212453270876722e-15,-1.376459268071104,-4.0190073491430667e-13,2,2,1.0
ZNF638,1.1102230246251563e-15,-1.090067054021548,-4.0234482412415673e-13,1,1,1.0
ITPR1,1.1102230246251563e-15,-1.0754381834633215,-4.0234482412415673e-13,1,1,1.0
CLCN6,1.1102230246251563e-15,-1.098612288660862,-4.0234482412415673e-13,1,1,1.0
FBN1,1.1102230246251563e-15,-1.0870067425482568,-4.0234482412415673e-13,1,1,1.0
MED12,1.1102230246251563e-15,-1.341197648800263,-4.0234482412415673e-13,1,1,1.0
TRIM24,1.1102230246251563e-15,-1.1121260078350326,-4.0234482412415673e-13,1,1,1.0
HMCN1,1.1102230246251563e-15,-2.8941381039623804,-4.0589753780295723e-13,1,1,1.0
CHD4,1.2212453270876722e-15,-1.537569189530807,-4.414246745909623e-13,2,2,1.0
CMYA5,1.2212453270876722e-15,-1.4868008055639104,-4.418687638008123e-13,2,2,1.0
ATP2C1,1.2212453270876722e-15,-1.1786549963418675,-4.423128530106624e-13,1,1,1.0
PI4KA,1.2212453270876722e-15,-1.1824520211960077,-4.4275694222051243e-13,1,1,1.0
WIPF1,1.2212453270876722e-15,-1.1421853165595564,-4.4320103143036254e-13,1,1,1.0
TMEM47,1.2212453270876722e-15,-1.199964782929262,-4.4320103143036254e-13,1,1,1.0
SUDS3,1.2212453270876722e-15,-1.1421553733018703,-4.4453329905991273e-13,1,1,1.0
ODZ2,1.2212453270876722e-15,-1.84096804368914,-4.4453329905991273e-13,1,1,1.0
ZFC3H1,1.2212453270876722e-15,-1.1874098803020794,-4.4497738826976274e-13,1,1,1.0
MAGI3,1.2212453270876722e-15,-1.1426080494022657,-4.454214774796128e-13,1,1,1.0
LPPR4,1.2212453270876722e-15,-1.158510430249403,-4.458655666894629e-13,1,1,1.0
CLPX,1.4432899320127037e-15,-1.2527629684939388,-4.805045250577679e-13,1,1,1.0
TACC2,1.4432899320127037e-15,-1.263599919825778,-4.805045250577679e-13,1,1,1.0
DCT,1.4432899320127037e-15,-1.2467928015091134,-4.809486142676178e-13,1,1,1.0
DST,1.2212453270876722e-15,-1.5841715536698888,-4.809486142676178e-13,2,2,1.0
KCNQ3,1.4432899320127037e-15,-1.229116986125759,-4.809486142676178e-13,1,1,1.0
SACS,1.2212453270876722e-15,-1.2207542812887044,-4.809486142676178e-13,1,1,1.0
COL7A1,1.2212453270876722e-15,-1.2270128751408853,-4.809486142676178e-13,1,1,1.0
CIC,1.2212453270876722e-15,-1.246581437151021,-4.813927034774679e-13,1,1,1.0
BSN,1.2212453270876722e-15,-1.5884642212297555,-4.813927034774679e-13,2,2,1.0
ABL1,1.2212453270876722e-15,-1.2224065060152176,-4.813927034774679e-13,1,1,1.0
SLC18A1,1.2212453270876722e-15,-1.2253639943074832,-4.813927034774679e-13,1,1,1.0
ZFHX3,1.2212453270876722e-15,-1.220652493524781,-4.813927034774679e-13,1,1,1.0
CACNA1E,1.5543122344752194e-15,-1.928030658915337,-5.213607323639735e-13,3,3,1.0
SHANK1,1.4432899320127037e-15,-1.267934590918491,-5.213607323639735e-13,1,1,1.0
MGAM,1.5543122344752194e-15,-1.319793130814366,-5.213607323639735e-13,1,1,1.0
CACNA2D4,1.5543122344752194e-15,-1.31581119108913,-5.218048215738236e-13,1,1,1.0
FNDC1,1.4432899320127037e-15,-1.3051887658359982,-5.218048215738236e-13,1,1,1.0
PAX3,1.4432899320127037e-15,-1.298354909818533,-5.218048215738236e-13,1,1,1.0
HEATR7B2,1.4432899320127037e-15,-1.289624236713541,-5.222489107836736e-13,1,1,1.0
AFF2,1.4432899320127037e-15,-1.2857234543446676,-5.222489107836736e-13,1,1,1.0
CNTN6,1.4432899320127037e-15,-1.5792162830914886,-5.222489107836736e-13,1,1,1.0
GUCY2C,1.4432899320127037e-15,-1.292902642803062,-5.222489107836736e-13,1,1,1.0
DNAH10,1.5543122344752194e-15,-1.3108253301527724,-5.226929999935237e-13,1,1,1.0
HSPA13,1.5543122344752194e-15,-1.295298915121328,-5.226929999935237e-13,1,1,1.0
MYO5B,1.4432899320127037e-15,-1.285976748906512,-5.231370892033739e-13,1,1,1.0
C10orf18,1.4432899320127037e-15,-1.275068726010011,-5.231370892033739e-13,1,1,1.0
NIPBL,1.4432899320127037e-15,-1.2818501838340013,-5.231370892033739e-13,1,1,1.0
SYT17,1.4432899320127037e-15,-1.268787347442674,-5.235811784132238e-13,1,1,1.0
C11orf41,1.5543122344752194e-15,-1.2935095737923694,-5.235811784132238e-13,1,1,1.0
NBEAL1,1.4432899320127037e-15,-1.280821869630279,-5.240252676230739e-13,1,1,1.0
MYB,1.5543122344752194e-15,-1.3018456800257705,-5.24469356832924e-13,1,1,1.0
ARID1A,1.4432899320127037e-15,-1.279913957562975,-5.24913446042774e-13,1,1,1.0
WNK3,1.4432899320127037e-15,-1.2778426528925944,-5.24913446042774e-13,1,1,1.0
ATP2B3,1.5543122344752194e-15,-1.360492643129244,-5.595524044110789e-13,1,1,1.0
GNB1,1.5543122344752194e-15,-1.3609765531385236,-5.595524044110789e-13,1,1,1.0
FGD6,1.5543122344752194e-15,-1.3683099672710413,-5.595524044110789e-13,1,1,1.0
FRYL,1.5543122344752194e-15,-1.5948597495155878,-5.595524044110789e-13,1,1,1.0
LRP5,1.5543122344752194e-15,-1.364422286302495,-5.595524044110789e-13,1,1,1.0
KIAA1217,1.5543122344752194e-15,-1.3279223548982446,-5.59996493620929e-13,1,1,1.0
TRNT1,1.5543122344752194e-15,-1.344534640092086,-5.59996493620929e-13,1,1,1.0
FAT4,1.5543122344752194e-15,-1.333175469772239,-5.60440582830779e-13,1,1,1.0
COL2A1,1.5543122344752194e-15,-1.3293525352058242,-5.60440582830779e-13,1,1,1.0
ALG13,1.5543122344752194e-15,-1.3227809553981689,-5.60440582830779e-13,1,1,1.0
ADCY10,1.5543122344752194e-15,-1.323596108326736,-5.60440582830779e-13,1,1,1.0
MYO3A,1.5543122344752194e-15,-1.3356128746439102,-5.60440582830779e-13,1,1,1.0
PKHD1L1,1.5543122344752194e-15,-1.3223006506889834,-5.60440582830779e-13,1,1,1.0
C5,1.5543122344752194e-15,-5.184944997236299,-5.648814749292796e-13,1,1,1.0
MUC16,1.5543122344752194e-15,-7.576887708005698,-5.648814749292796e-13,3,3,1.0
TET2,1.4432899320127037e-15,-6.429012493345338,-5.648814749292796e-13,4,4,1.0
ABCB11,1.6653345369377348e-15,-1.420091740703201,-5.995204332975845e-13,1,1,1.0
SPDYA,1.5543122344752194e-15,-1.3865840063084127,-6.004086117172848e-13,1,1,1.0
LAMA5,1.6653345369377348e-15,-1.4094718345298411,-6.012967901369848e-13,1,1,1.0
SHQ1,1.5543122344752194e-15,-1.3817385445803037,-6.017408793468348e-13,1,1,1.0
RYR3,1.5543122344752194e-15,-1.752825213902116,-6.017408793468348e-13,2,2,1.0
C9orf78,1.6653345369377348e-15,-1.41065381929032,-6.017408793468348e-13,1,1,1.0
CLVS2,1.5543122344752194e-15,-1.3784511836591689,-6.039613253960853e-13,1,1,1.0
TBC1D8B,1.887379141862766e-15,-1.4619655307909407,-6.3815619455454e-13,1,1,1.0
C19orf46,1.887379141862766e-15,-1.467384518348218,-6.3815619455454e-13,1,1,1.0
PLCH2,1.887379141862766e-15,-1.466586787859661,-6.3815619455454e-13,1,1,1.0
OR5M1,1.887379141862766e-15,-1.4615177823578018,-6.3815619455454e-13,1,1,1.0
PCDH15,1.887379141862766e-15,-1.4550307894718124,-6.3815619455454e-13,1,1,1.0
ACSM2A,1.6653345369377348e-15,-1.4365001078170747,-6.390443729742401e-13,1,1,1.0
DNMT1,1.6653345369377348e-15,-1.4308828384385848,-6.390443729742401e-13,1,1,1.0
SDK1,1.887379141862766e-15,-1.4373779899272918,-6.390443729742401e-13,1,1,1.0
LRBA,1.6653345369377348e-15,-1.4400362089803378,-6.390443729742401e-13,1,1,1.0
C22orf42,1.6653345369377348e-15,-1.426840455515368,-6.394884621840903e-13,1,1,1.0
CACNA1G,1.6653345369377348e-15,-2.2267539094321838,-6.394884621840903e-13,1,1,1.0
TTN,1.6653345369377348e-15,-12.432240447068011,-6.430411758628908e-13,5,5,1.0
CARD18,9.814371537686385e-14,-5.196653712772208,-6.536993168992923e-13,1,1,1.0
ADCY5,1.887379141862766e-15,-2.039662821629802,-6.776801342311957e-13,2,2,1.0
CACNA1B,1.887379141862766e-15,-2.266022158195822,-6.776801342311957e-13,3,3,1.0
TRIO,1.887379141862766e-15,-1.515799803328603,-6.785683126508958e-13,1,1,1.0
OXA1L,1.887379141862766e-15,-1.5125547869614575,-6.785683126508958e-13,1,1,1.0
RBM16,1.887379141862766e-15,-2.0087236566181432,-6.785683126508958e-13,2,2,1.0
ODZ3,1.887379141862766e-15,-2.257440969583853,-6.794564910705958e-13,1,1,1.0
MYH14,1.887379141862766e-15,-1.4850076299338746,-6.79900580280446e-13,1,1,1.0
HIVEP1,1.887379141862766e-15,-1.4792750889613433,-6.79900580280446e-13,1,1,1.0
NRAP,1.887379141862766e-15,-1.494950974855214,-6.803446694902959e-13,1,1,1.0
KDM2B,1.887379141862766e-15,-1.4812938693506787,-6.803446694902959e-13,1,1,1.0
ALS2CR11,1.887379141862766e-15,-1.5030983570471788,-6.812328479099962e-13,1,1,1.0
TRA2B,1.9984014443252818e-15,-3.089054384763944,-7.158718062783009e-13,1,1,1.0
RGNEF,1.9984014443252818e-15,-1.555841661058725,-7.158718062783009e-13,1,1,1.0
OR7D4,1.9984014443252818e-15,-1.5557684900240514,-7.158718062783009e-13,1,1,1.0
MRE11A,1.9984014443252818e-15,-1.5506427074000328,-7.16315895488151e-13,1,1,1.0
SPTLC2,1.9984014443252818e-15,-1.5550982275039078,-7.16315895488151e-13,1,1,1.0
WRN,1.9984014443252818e-15,-1.559605538688987,-7.16315895488151e-13,1,1,1.0
BUB3,1.9984014443252818e-15,-1.5530809445048306,-7.16315895488151e-13,1,1,1.0
THRAP3,1.9984014443252818e-15,-1.7832045809854156,-7.16315895488151e-13,1,1,1.0
GRIK3,1.9984014443252818e-15,-1.5311583553788244,-7.172040739078511e-13,1,1,1.0
CADPS,1.887379141862766e-15,-2.055572472199305,-7.176481631177012e-13,2,2,1.0
CNTNAP4,1.9984014443252818e-15,-2.0560441198414496,-7.194245199571014e-13,2,2,1.0
DBX2,1.9984014443252818e-15,-2.744652739448516,-7.194245199571014e-13,1,1,1.0
TROAP,2.220446049250313e-15,-1.5733515226603834,-7.567280135845067e-13,1,1,1.0
GRIK4,2.220446049250313e-15,-2.058897194825173,-7.567280135845067e-13,2,2,1.0
COL27A1,2.220446049250313e-15,-1.5846849622397865,-7.576161920042068e-13,1,1,1.0
KLHL2,2.220446049250313e-15,-1.562924415477407,-7.576161920042068e-13,1,1,1.0
RFC3,2.220446049250313e-15,-2.375529180803293,-7.585043704239069e-13,1,1,1.0
SF3B1,2.220446049250313e-15,-1.594407098688332,-7.585043704239069e-13,1,1,1.0
PTPRT,2.220446049250313e-15,-2.418131437949266,-7.585043704239069e-13,3,3,1.0
RGL1,2.220446049250313e-15,-1.586219622332389,-7.585043704239069e-13,1,1,1.0
SOS1,1.9984014443252818e-15,-1.5632384489075934,-7.58948459633757e-13,1,1,1.0
ZNF254,1.9984014443252818e-15,-1.5659099521730402,-7.593925488436072e-13,1,1,1.0
SI,2.220446049250313e-15,-2.0778856892360795,-7.593925488436072e-13,2,2,1.0
CGN,2.220446049250313e-15,-1.5837295557252382,-7.593925488436072e-13,1,1,1.0
CLDN11,2.220446049250313e-15,-1.6361061595167137,-7.94031507211912e-13,1,1,1.0
SNRNP200,2.220446049250313e-15,-1.6214754275283094,-7.94475596421762e-13,1,1,1.0
PRUNE2,2.220446049250313e-15,-1.6259672143868893,-7.94475596421762e-13,1,1,1.0
E2F8,2.220446049250313e-15,-2.6574996931089454,-7.949196856316121e-13,1,1,1.0
DHX32,2.220446049250313e-15,-1.61744474885603,-7.949196856316121e-13,1,1,1.0
CECR2,2.220446049250313e-15,-2.197800506881037,-7.949196856316121e-13,2,2,1.0
ZNF75D,2.220446049250313e-15,-1.6136992825199172,-7.949196856316121e-13,1,1,1.0
CAND1,2.220446049250313e-15,-1.6117808446146566,-7.953637748414621e-13,1,1,1.0
C12orf63,2.220446049250313e-15,-1.6089415113314658,-7.953637748414621e-13,1,1,1.0
CAMTA1,2.220446049250313e-15,-1.6019136633844369,-7.958078640513122e-13,1,1,1.0
MYLK,2.4424906541753444e-15,-1.6761579785092715,-8.335554468885675e-13,1,1,1.0
SMG1,2.3314683517128287e-15,-2.5718906880360546,-8.348877145181177e-13,3,3,1.0
ZNF462,2.3314683517128287e-15,-1.6790863067239652,-8.348877145181177e-13,1,1,1.0
SLTM,2.3314683517128287e-15,-1.6511270007981325,-8.353318037279679e-13,1,1,1.0
PABPC3,2.3314683517128287e-15,-1.6771284573264522,-8.353318037279679e-13,1,1,1.0
SCARA3,2.3314683517128287e-15,-1.669099290155336,-8.353318037279679e-13,1,1,1.0
LAMA2,2.220446049250313e-15,-1.6455139689064338,-8.353318037279679e-13,1,1,1.0
PIWIL4,2.3314683517128287e-15,-1.659203845105785,-8.357758929378178e-13,1,1,1.0
PLA2G4D,2.3314683517128287e-15,-2.1024445312897164,-8.357758929378178e-13,1,1,1.0
NRXN1,2.3314683517128287e-15,-2.083062705452412,-8.357758929378178e-13,1,1,1.0
CAPN6,2.3314683517128287e-15,-1.6590935028804872,-8.362199821476679e-13,1,1,1.0
GABBR1,2.4424906541753444e-15,-1.6744627962329648,-8.362199821476679e-13,1,1,1.0
OPRM1,2.3314683517128287e-15,-1.650126811204664,-8.362199821476679e-13,1,1,1.0
AKR7A2,2.3314683517128287e-15,-1.6699402325325172,-8.362199821476679e-13,1,1,1.0
LIMS2,2.3314683517128287e-15,-1.6480186496632632,-8.36664071357518e-13,1,1,1.0
STRC,2.3314683517128287e-15,-1.6604693924459393,-8.37108160567368e-13,1,1,1.0
PLCE1,2.3314683517128287e-15,-2.9055790002716644,-8.375522497772181e-13,4,4,1.0
PCDHA8,2.220446049250313e-15,-1.837095067756728,-8.384404281969182e-13,1,1,1.0
ADAM11,2.3314683517128287e-15,-2.264929712145624,-8.393286066166183e-13,2,2,1.0
FLT1,2.4424906541753444e-15,-1.7126624724701098,-8.71303029725823e-13,1,1,1.0
KPRP,2.4424906541753444e-15,-1.6942964360573387,-8.72191208145523e-13,1,1,1.0
FCGBP,2.4424906541753444e-15,-2.3154550128497062,-8.72191208145523e-13,2,2,1.0
DDX60,2.4424906541753444e-15,-1.703276910528511,-8.72191208145523e-13,1,1,1.0
MAP1B,2.4424906541753444e-15,-2.4635296772062456,-8.739675649849232e-13,1,1,1.0
FAM154B,2.4424906541753444e-15,-2.319754968921625,-8.739675649849232e-13,2,2,1.0
APOB,2.4424906541753444e-15,-2.3501876189406925,-8.775202786637237e-13,2,2,1.0
CROCC,2.4424906541753444e-15,-3.271107262466557,-9.08606523353228e-13,2,2,1.0
AKD1,2.664535259100376e-15,-1.7531446331199734,-9.099387909827785e-13,1,1,1.0
DAAM2,2.4424906541753444e-15,-1.7238482636125825,-9.117151478221786e-13,1,1,1.0
GPRC6A,2.4424906541753444e-15,-1.7216747320349,-9.121592370320286e-13,1,1,1.0
GEMIN4,2.4424906541753444e-15,-2.513877991680835,-9.121592370320286e-13,1,1,1.0
SUPT5H,2.664535259100376e-15,-1.7403293585525736,-9.126033262418789e-13,1,1,1.0
FAM115A,2.4424906541753444e-15,-1.7363238228431348,-9.130474154517287e-13,1,1,1.0
C1orf51,2.4424906541753444e-15,-1.7464871143897671,-9.130474154517287e-13,1,1,1.0
NRXN3,2.4424906541753444e-15,-2.3873521440259564,-9.139355938714289e-13,2,2,1.0
BCMO1,2.4424906541753444e-15,-1.7281748215614274,-9.14823772291129e-13,1,1,1.0
DNAH9,2.4424906541753444e-15,-2.6518573711141498,-9.14823772291129e-13,3,3,1.0
BTD,2.4424906541753444e-15,-1.7252266235850615,-9.15267861500979e-13,1,1,1.0
TRAM1L1,2.664535259100376e-15,-1.7847277978658185,-9.481304630298837e-13,1,1,1.0
PPP1R9A,2.664535259100376e-15,-1.7863010038058942,-9.485745522397335e-13,1,1,1.0
OR1J2,2.664535259100376e-15,-1.779783278181812,-9.485745522397335e-13,1,1,1.0
CAMKV,2.7755575615628917e-15,-1.7800360055303115,-9.485745522397335e-13,1,1,1.0
CYP4F12,2.7755575615628917e-15,-1.7788560643926044,-9.485745522397335e-13,1,1,1.0
CDK11B,2.664535259100376e-15,-1.7710625874538182,-9.490186414495838e-13,1,1,1.0
FANCC,2.664535259100376e-15,-1.7688542076580434,-9.49462730659434e-13,1,1,1.0
PAPPA2,2.664535259100376e-15,-1.7676947438017327,-9.49462730659434e-13,1,1,1.0
LPPR1,2.664535259100376e-15,-1.7686734491928626,-9.49462730659434e-13,1,1,1.0
KCNH2,2.664535259100376e-15,-1.947868644256708,-9.50350909079134e-13,1,1,1.0
CATSPER4,2.7755575615628917e-15,-1.8101254583748811,-9.885425811262394e-13,1,1,1.0
C10orf76,2.7755575615628917e-15,-1.816630233836389,-9.889866703360894e-13,1,1,1.0
GALNT2,2.7755575615628917e-15,-1.8063423511635337,-9.894307595459397e-13,1,1,1.0
WLS,2.7755575615628917e-15,-1.7931059081025034,-9.9298347322474e-13,1,1,1.0
RIN2,2.997602166487923e-15,-1.8466178297808835,-1.0249578963339445e-12,1,1,1.0
BRWD3,2.997602166487923e-15,-1.84754083551576,-1.0249578963339445e-12,1,1,1.0
RAB11FIP1,2.997602166487923e-15,-1.849579040117136,-1.0249578963339445e-12,1,1,1.0
UNC45B,2.997602166487923e-15,-1.8469036073116183,-1.0249578963339445e-12,1,1,1.0
ITGAX,2.997602166487923e-15,-1.8435357387521112,-1.0258460747536446e-12,1,1,1.0
ABCA4,2.997602166487923e-15,-1.841938471748621,-1.0258460747536446e-12,1,1,1.0
PHIP,2.7755575615628917e-15,-1.830073536199565,-1.026290163963495e-12,1,1,1.0
ETV6,2.7755575615628917e-15,-1.8286349556697723,-1.0271783423831948e-12,1,1,1.0
SLC30A6,2.7755575615628917e-15,-1.8231099991140265,-1.0271783423831948e-12,1,1,1.0
TCEAL6,3.1086244689504387e-15,-2.162718753520376,-1.06403774680075e-12,1,1,1.0
JAK2,3.1086244689504387e-15,-2.150485049250697,-1.0649259252204502e-12,1,1,1.0
PCDHB6,3.1086244689504387e-15,-1.8803718184213591,-1.0653700144303002e-12,1,1,1.0
KDM3B,3.1086244689504387e-15,-1.8786064671599765,-1.0653700144303002e-12,1,1,1.0
KLHL12,3.1086244689504387e-15,-1.88111419451942,-1.0658141036401505e-12,1,1,1.0
TRPC1,2.997602166487923e-15,-1.8689491079063247,-1.0658141036401505e-12,1,1,1.0
PDC,2.997602166487923e-15,-1.863438044504244,-1.0684786388992509e-12,1,1,1.0
DOCK1,2.997602166487923e-15,-1.8547146301721915,-1.068922728109101e-12,1,1,1.0
DYRK4,3.1086244689504387e-15,-1.914819561985592,-1.1013412404281553e-12,1,1,1.0
FAM171A1,3.1086244689504387e-15,-1.9130877099138213,-1.1017853296380054e-12,1,1,1.0
EDC4,3.1086244689504387e-15,-1.901008518609712,-1.1026735080577057e-12,1,1,1.0
WDR35,3.1086244689504387e-15,-1.8919596343267644,-1.1031175972675557e-12,1,1,1.0
LZTS1,3.219646771412954e-15,-2.167284037576453,-1.1404210908949608e-12,1,1,1.0
LRRFIP1,3.219646771412954e-15,-1.9427769872232852,-1.1408651801048109e-12,1,1,1.0
CEBPA,3.219646771412954e-15,-3.019168703257153,-1.141309269314661e-12,2,2,1.0
DOCK10,3.219646771412954e-15,-1.9378224070393373,-1.141753358524511e-12,1,1,1.0
ADAMTSL1,3.219646771412954e-15,-1.9226763604680204,-1.1430856261540612e-12,1,1,1.0
ATP2B2,3.219646771412954e-15,-1.944159346156656,-1.1435297153639112e-12,1,1,1.0
ALPK3,3.1086244689504387e-15,-2.1261417266310936,-1.1439738045737613e-12,1,1,1.0
ADAMTS1,3.4416913763379853e-15,-1.9555635807570508,-1.1786127629420662e-12,1,1,1.0
VIPR1,3.219646771412954e-15,-1.9568392195912088,-1.1786127629420662e-12,1,1,1.0
CAMKK1,3.4416913763379853e-15,-1.9610333106303623,-1.1786127629420662e-12,1,1,1.0
CASZ1,3.4416913763379853e-15,-1.9597207891535144,-1.1786127629420662e-12,1,1,1.0
CSF3R,3.4416913763379853e-15,-1.9562089012475992,-1.1786127629420662e-12,1,1,1.0
GPRC5B,3.219646771412954e-15,-1.9520139319935408,-1.1790568521519162e-12,1,1,1.0
CKAP4,3.4416913763379853e-15,-1.9531303970285523,-1.1790568521519162e-12,1,1,1.0
CYLC1,3.219646771412954e-15,-1.9818132867027527,-1.1790568521519162e-12,1,1,1.0
C9orf43,3.4416913763379853e-15,-1.954135633354461,-1.1790568521519162e-12,1,1,1.0
STK33,3.219646771412954e-15,-1.9496467948998983,-1.1790568521519162e-12,1,1,1.0
XIRP1,3.219646771412954e-15,-1.947532209427344,-1.1795009413617665e-12,1,1,1.0
ITPR3,3.4416913763379853e-15,-2.727072915735943,-1.2159162565694714e-12,1,1,1.0
NFKBIL2,3.4416913763379853e-15,-3.176762445337471,-1.2159162565694714e-12,1,1,1.0
LARP4B,3.4416913763379853e-15,-1.994089916112598,-1.2181367026187218e-12,1,1,1.0
SPATS2L,3.4416913763379853e-15,-1.9791705420945347,-1.219024881038422e-12,1,1,1.0
TJP1,3.4416913763379853e-15,-1.996303251610399,-1.219468970248272e-12,1,1,1.0
OR5W2,3.4416913763379853e-15,-1.9864859798987449,-1.219913059458122e-12,1,1,1.0
CCDC57,3.552713678800501e-15,-2.022886157560324,-1.253219750196877e-12,1,1,1.0
ARHGEF19,3.552713678800501e-15,-2.0120707305647465,-1.2541079286165768e-12,1,1,1.0
C6orf174,3.552713678800501e-15,-2.014620603557605,-1.2541079286165768e-12,1,1,1.0
BMPER,3.4416913763379853e-15,-2.8847731048596774,-1.2541079286165768e-12,2,2,1.0
GDF10,3.774758283725532e-15,-2.05000704110417,-1.2878587085651816e-12,1,1,1.0
SYNJ1,3.774758283725532e-15,-2.0526816289645544,-1.2887468869848817e-12,1,1,1.0
PHLPP1,3.774758283725532e-15,-2.2757395519153847,-1.2896350654045818e-12,1,1,1.0
GPR183,3.774758283725532e-15,-2.050050408307205,-1.2896350654045818e-12,1,1,1.0
C2orf89,3.774758283725532e-15,-3.8931148072294577,-1.290523243824282e-12,1,1,1.0
RNF25,3.774758283725532e-15,-2.3138672506908824,-1.290523243824282e-12,1,1,1.0
OR4C15,3.552713678800501e-15,-2.4558966343621766,-1.290523243824282e-12,1,1,1.0
RASSF7,3.552713678800501e-15,-2.031831411485391,-1.2914114222439819e-12,1,1,1.0
HCN1,3.552713678800501e-15,-2.450348146820679,-1.2914114222439819e-12,1,1,1.0
TRIM45,9.625633623500108e-14,-5.280372978479807,-1.3198331316743859e-12,1,1,1.0
C1orf103,3.774758283725532e-15,-2.080208118961976,-1.3322676295501878e-12,1,1,1.0
CBL,3.774758283725532e-15,-2.2222599011008546,-1.333155807969888e-12,1,1,1.0
POM121L12,3.774758283725532e-15,-2.07944154168011,-1.333155807969888e-12,1,1,1.0
STK36,3.774758283725532e-15,-2.379727447988201,-1.3340439863895879e-12,1,1,1.0
TPO,3.774758283725532e-15,-2.13690445657594,-1.3349321648092882e-12,1,1,1.0
GABRA4,3.885780586188048e-15,-2.076596589548429,-1.3349321648092882e-12,1,1,1.0
PRX,3.774758283725532e-15,-2.072714815659069,-1.3349321648092882e-12,1,1,1.0
ANO3,3.774758283725532e-15,-2.810101982599675,-1.3367085216486885e-12,1,1,1.0
GREM2,3.885780586188048e-15,-2.100060828878441,-1.3660184094987926e-12,1,1,1.0
KCNJ6,3.885780586188048e-15,-2.0918640616791917,-1.3677947663381929e-12,1,1,1.0
HIVEP2,3.885780586188048e-15,-2.099602113278481,-1.3677947663381929e-12,1,1,1.0
SCEL,3.885780586188048e-15,-2.103064687443068,-1.3677947663381929e-12,1,1,1.0
ACSS3,3.885780586188048e-15,-2.0844551761590564,-1.3677947663381929e-12,1,1,1.0
MDM2,3.885780586188048e-15,-2.10324453102726,-1.3677947663381929e-12,1,1,1.0
SON,3.885780586188048e-15,-2.0830923564506096,-1.3695711231775933e-12,1,1,1.0
ARID4B,3.885780586188048e-15,-2.45885209472431,-1.3704593015972932e-12,1,1,1.0
SYTL5,3.885780586188048e-15,-2.0898043287159034,-1.3704593015972932e-12,1,1,1.0
FAM48A,3.885780586188048e-15,-2.0995111311792733,-1.3704593015972932e-12,1,1,1.0
ARHGAP5,3.885780586188048e-15,-2.081333689832494,-1.3713474800169934e-12,1,1,1.0
MST1R,3.996802888650564e-15,-2.1275099447236894,-1.403321903126198e-12,1,1,1.0
ILDR1,3.996802888650564e-15,-3.088702591828926,-1.404210081545898e-12,2,2,1.0
ZNF687,3.996802888650564e-15,-2.982392609689461,-1.4050982599655981e-12,2,2,1.0
ARC,3.996802888650564e-15,-2.112336093007591,-1.4050982599655981e-12,1,1,1.0
TRPM3,3.996802888650564e-15,-3.0453355962834148,-1.4059864383852982e-12,2,2,1.0
COPS2,4.218847493575595e-15,-2.148077843347702,-1.4388490399142029e-12,1,1,1.0
ZNF236,3.996802888650564e-15,-2.1341415185022847,-1.4388490399142029e-12,1,1,1.0
PRPF3,4.218847493575595e-15,-2.1496824332869364,-1.439737218333903e-12,1,1,1.0
DRD2,3.996802888650564e-15,-2.1350827644771866,-1.4415135751733033e-12,1,1,1.0
ASXL3,3.996802888650564e-15,-2.14006616349688,-1.4424017535930034e-12,1,1,1.0
TNC,3.996802888650564e-15,-3.134003673826369,-1.445954467271804e-12,2,2,1.0
TTBK1,4.218847493575595e-15,-3.132577716897515,-1.4779288903810084e-12,2,2,1.0
ZNF485,4.218847493575595e-15,-2.1720583334761745,-1.4805934256401088e-12,1,1,1.0
SLC38A6,4.329869796038111e-15,-2.176605290137391,-1.482369782479509e-12,1,1,1.0
SLC13A1,4.218847493575595e-15,-2.1638609098307056,-1.482369782479509e-12,1,1,1.0
RIMS1,3.996802888650564e-15,-3.14943001095418,-1.482369782479509e-12,2,2,1.0
HYAL4,4.218847493575595e-15,-2.1615003790801133,-1.4850343177386094e-12,1,1,1.0
LMOD1,4.218847493575595e-15,-2.154910572645637,-1.4859224961583097e-12,1,1,1.0
LRRC15,4.329869796038111e-15,-2.1775120360733444,-1.517896919267514e-12,1,1,1.0
PCDH1,4.329869796038111e-15,-2.9440247889732163,-1.517896919267514e-12,1,1,1.0
MORC3,4.329869796038111e-15,-2.191605691624168,-1.517896919267514e-12,1,1,1.0
GABRG2,4.329869796038111e-15,-2.1782958849806486,-1.517896919267514e-12,1,1,1.0
ABCA10,4.329869796038111e-15,-2.187359280055566,-1.5187850976872141e-12,1,1,1.0
TSPAN2,4.329869796038111e-15,-2.184321172501277,-1.5187850976872141e-12,1,1,1.0
TLE6,4.551914400963142e-15,-2.2212260194945457,-1.5516476992161188e-12,1,1,1.0
ETF1,4.551914400963142e-15,-2.212999873591665,-1.552535877635819e-12,1,1,1.0
WEE2,4.329869796038111e-15,-2.2105805053005083,-1.553424056055519e-12,1,1,1.0
SPAM1,4.329869796038111e-15,-2.207274913190512,-1.553424056055519e-12,1,1,1.0
NPC1,4.329869796038111e-15,-2.2109179044690377,-1.553424056055519e-12,1,1,1.0
DNAI1,4.329869796038111e-15,-2.974217206114965,-1.5543122344752194e-12,1,1,1.0
PDGFRA,4.329869796038111e-15,-2.5656341006114007,-1.5543122344752194e-12,1,1,1.0
TET1,4.6629367034256575e-15,-3.300705420101508,-1.5907275496829245e-12,2,2,1.0
SMC5,4.551914400963142e-15,-2.224579403206804,-1.5916157281026244e-12,1,1,1.0
NONO,4.6629367034256575e-15,-2.361095973989809,-1.6280310433103298e-12,1,1,1.0
EED,4.6629367034256575e-15,-2.3446827256128886,-1.6280310433103298e-12,1,1,1.0
SCAND3,4.6629367034256575e-15,-2.2609911956959845,-1.6298074001497298e-12,1,1,1.0
POLR3B,4.6629367034256575e-15,-2.254312036480675,-1.6298074001497298e-12,1,1,1.0
ZPBP,4.6629367034256575e-15,-2.2492594364674887,-1.6315837569891298e-12,1,1,1.0
PPL,4.6629367034256575e-15,-2.57905635281795,-1.6333601138285305e-12,1,1,1.0
OR2L13,4.6629367034256575e-15,-2.25974493432377,-1.6342482922482304e-12,1,1,1.0
PGBD1,4.6629367034256575e-15,-2.2488112334621286,-1.6351364706679308e-12,1,1,1.0
DYSF,4.773959005888173e-15,-2.2793615266136067,-1.6635581800983348e-12,1,1,1.0
SLC6A9,4.773959005888173e-15,-2.277595740467328,-1.6644463585180349e-12,1,1,1.0
SEMA4A,4.6629367034256575e-15,-2.267834835541104,-1.6653345369377348e-12,1,1,1.0
KIAA0802,4.6629367034256575e-15,-2.706262479024113,-1.6653345369377348e-12,1,1,1.0
IMPG2,4.773959005888173e-15,-2.2763862961736927,-1.6653345369377348e-12,1,1,1.0
RBMX,4.773959005888173e-15,-2.478411827906636,-1.6653345369377348e-12,1,1,1.0
KIF27,4.773959005888173e-15,-2.2843513278502696,-1.666222715357435e-12,1,1,1.0
KCNN3,4.773959005888173e-15,-2.2788634282632456,-1.667110893777135e-12,1,1,1.0
ZNF43,4.6629367034256575e-15,-2.2662692475432022,-1.6679990721968352e-12,1,1,1.0
CAGE1,4.6629367034256575e-15,-2.26816777826836,-1.6688872506165353e-12,1,1,1.0
ARAP2,4.996003610813205e-15,-2.3001712806298515,-1.6999734953060397e-12,1,1,1.0
GSTM3,4.773959005888173e-15,-2.2962891645374257,-1.7008616737257398e-12,1,1,1.0
RUFY1,4.773959005888173e-15,-2.297744545591682,-1.7008616737257398e-12,1,1,1.0
USP6,4.996003610813205e-15,-2.4052137565585654,-1.7008616737257398e-12,1,1,1.0
MED21,4.773959005888173e-15,-2.288619412131026,-1.70174985214544e-12,1,1,1.0
ZNF460,4.996003610813205e-15,-2.291420109119769,-1.70174985214544e-12,1,1,1.0
NRCAM,4.773959005888173e-15,-2.288642187021593,-1.70174985214544e-12,1,1,1.0
ATP6V1C1,4.773959005888173e-15,-2.5385721259735297,-1.70174985214544e-12,1,1,1.0
OSBP2,4.996003610813205e-15,-2.3195992904956757,-1.7346124536743446e-12,1,1,1.0
OR4Q3,4.996003610813205e-15,-2.3261534040147622,-1.7346124536743446e-12,1,1,1.0
MFN1,4.996003610813205e-15,-2.325254889424245,-1.735500632094045e-12,1,1,1.0
CDON,4.996003610813205e-15,-2.3169149185495863,-1.735500632094045e-12,1,1,1.0
NCOA7,4.996003610813205e-15,-2.312737464469097,-1.7381651673531449e-12,1,1,1.0
NMUR2,4.996003610813205e-15,-3.433072095982387,-1.7417178810319456e-12,2,2,1.0
CSMD3,5.10702591327572e-15,-3.4366789253899475,-1.7745804825608502e-12,2,2,1.0
PSME4,5.10702591327572e-15,-4.2314456707363,-1.778133196239651e-12,2,2,1.0
B4GALNT3,5.10702591327572e-15,-2.333611366572749,-1.7807977314987509e-12,1,1,1.0
PUS1,4.996003610813205e-15,-2.329406624180575,-1.7834622667578517e-12,1,1,1.0
EPHA10,5.3290705182007506e-15,-5.910751044356397,-1.808331262509455e-12,1,1,1.0
GBP1,5.3290705182007506e-15,-2.358640468141854,-1.8109957977685558e-12,1,1,1.0
RBKS,5.3290705182007506e-15,-2.3572621438879624,-1.812772154607956e-12,1,1,1.0
CD109,5.3290705182007506e-15,-2.350864985754922,-1.812772154607956e-12,1,1,1.0
FAM123A,5.3290705182007506e-15,-2.355018088551331,-1.8136603330276561e-12,1,1,1.0
SCN1A,5.3290705182007506e-15,-3.486294415015436,-1.815436689867056e-12,2,2,1.0
CEP290,5.3290705182007506e-15,-2.380137369095806,-1.8456347561368602e-12,1,1,1.0
HCFC1,5.440092820663267e-15,-2.3803263036543427,-1.8456347561368602e-12,1,1,1.0
RFX3,5.3290705182007506e-15,-2.376810154312366,-1.8465229345565604e-12,1,1,1.0
GPATCH8,5.3290705182007506e-15,-2.374201825413379,-1.8465229345565604e-12,1,1,1.0
HLA-B,5.3290705182007506e-15,-2.3701685209826038,-1.8474111129762605e-12,1,1,1.0
LTBP3,5.3290705182007506e-15,-2.6855126744203663,-1.8474111129762605e-12,1,1,1.0
ACVR2B,5.3290705182007506e-15,-2.3703511586236496,-1.8474111129762605e-12,1,1,1.0
ADCY3,5.551115123125783e-15,-2.402454368887478,-1.879385536085465e-12,1,1,1.0
ATG16L1,5.440092820663267e-15,-2.4609739994203075,-1.8820500713445654e-12,1,1,1.0
RFC1,5.440092820663267e-15,-2.3881878653637933,-1.882938249764265e-12,1,1,1.0
PDS5B,5.440092820663267e-15,-2.385127764923741,-1.882938249764265e-12,1,1,1.0
ENC1,5.551115123125783e-15,-2.418696854846582,-1.922018100231071e-12,1,1,1.0
SSTR4,5.551115123125783e-15,-2.595107458772925,-1.9255708139098715e-12,1,1,1.0
PCDHB11,5.773159728050814e-15,-2.4371460906850877,-1.954880701759976e-12,1,1,1.0
KIDINS220,5.551115123125783e-15,-2.4228850045047485,-1.9593215938584767e-12,1,1,1.0
EFTUD1,5.551115123125783e-15,-2.426437950024663,-1.9593215938584767e-12,1,1,1.0
MTUS2,5.551115123125783e-15,-3.640260332714277,-1.9602097722781764e-12,2,2,1.0
NCKAP5,5.551115123125783e-15,-2.423982986366425,-1.9602097722781764e-12,1,1,1.0
THOC5,5.551115123125783e-15,-2.424191239465543,-1.9602097722781764e-12,1,1,1.0
PYGO2,5.773159728050814e-15,-2.4499395372414208,-1.990407838547981e-12,1,1,1.0
PTPRG,5.773159728050814e-15,-2.4448080376615464,-1.9912960169676808e-12,1,1,1.0
LRP1B,5.773159728050814e-15,-3.9723788407801246,-1.9912960169676808e-12,1,1,1.0
KSR2,5.773159728050814e-15,-2.447166321805612,-1.9912960169676808e-12,1,1,1.0
LEO1,5.773159728050814e-15,-2.740412465923414,-1.992184195387381e-12,1,1,1.0
PRAMEF2,5.773159728050814e-15,-3.670489162336567,-1.992184195387381e-12,2,2,1.0
XKR4,5.773159728050814e-15,-2.442972426274624,-1.992184195387381e-12,1,1,1.0
CNOT6,5.773159728050814e-15,-2.4396138992170533,-1.993960552226781e-12,1,1,1.0
LRRC58,9.414691248821329e-14,-5.167441340338974,-1.9984014443252818e-12,1,1,1.0
CPNE3,5.8841820305133305e-15,-2.696059838098439,-2.0259349753359857e-12,1,1,1.0
OR5K3,5.8841820305133305e-15,-2.462277311650828,-2.0268231537556858e-12,1,1,1.0
MAGI1,5.8841820305133305e-15,-2.727898028531049,-2.0268231537556858e-12,1,1,1.0
TBC1D2,5.8841820305133305e-15,-2.896302127309459,-2.027711332175386e-12,1,1,1.0
IGSF9B,6.106226635438361e-15,-2.749997688145536,-2.0623502905436908e-12,1,1,1.0
ABCC3,6.106226635438361e-15,-2.489980530242187,-2.063238468963391e-12,1,1,1.0
CRB1,5.8841820305133305e-15,-2.479041530337452,-2.068567539481592e-12,1,1,1.0
NTRK3,5.8841820305133305e-15,-3.1629526579500973,-2.068567539481592e-12,1,1,1.0
PLEKHG2,6.106226635438361e-15,-2.492488771809036,-2.1005419625907958e-12,1,1,1.0
ABCG8,6.217248937900877e-15,-2.5024930342998744,-2.1014301410104963e-12,1,1,1.0
PLOD1,6.217248937900877e-15,-2.5218112067261,-2.132516385700001e-12,1,1,1.0
IFI44,6.217248937900877e-15,-2.5152762399240363,-2.133404564119701e-12,1,1,1.0
KRT19,6.217248937900877e-15,-2.66033405154281,-2.134292742539401e-12,1,1,1.0
HSD17B1,6.217248937900877e-15,-2.515046795958528,-2.134292742539401e-12,1,1,1.0
OR2M2,6.217248937900877e-15,-2.51061500649921,-2.135180920959101e-12,1,1,1.0
COL9A1,6.3282712403633915e-15,-2.53280852758434,-2.1662671656486054e-12,1,1,1.0
MFSD6,6.3282712403633915e-15,-2.539422414703215,-2.1671553440683056e-12,1,1,1.0
RASSF9,6.3282712403633915e-15,-2.529120394291742,-2.168931700907706e-12,1,1,1.0
GPR128,6.217248937900877e-15,-2.5257286443099414,-2.169819879327406e-12,1,1,1.0
KIAA0831,6.3282712403633915e-15,-2.5321941840740627,-2.169819879327406e-12,1,1,1.0
KCNH5,6.3282712403633915e-15,-2.8604679522097225,-2.170708057747106e-12,1,1,1.0
CACNG2,6.550315845288424e-15,-2.5550201978814706,-2.205347016115411e-12,1,1,1.0
OR51A7,6.550315845288424e-15,-2.549349892012481,-2.2071233729548112e-12,1,1,1.0
ATP1B4,6.550315845288424e-15,-2.552012043402296,-2.208899729794212e-12,1,1,1.0
NUP93,6.3282712403633915e-15,-2.548199106794723,-2.209787908213912e-12,1,1,1.0
ACPL2,6.550315845288424e-15,-2.5544831047747865,-2.209787908213912e-12,1,1,1.0
TUSC3,6.3282712403633915e-15,-2.5402567448720363,-2.210676086633612e-12,1,1,1.0
EHD2,6.550315845288424e-15,-2.903773717441454,-2.2142288003124122e-12,1,1,1.0
ATP10B,6.550315845288424e-15,-3.8994322822556855,-2.239985974483716e-12,2,2,1.0
GDPD5,6.550315845288424e-15,-2.558577654489667,-2.2444268665822165e-12,1,1,1.0
RPS3A,6.550315845288424e-15,-2.561599270576366,-2.2444268665822165e-12,1,1,1.0
C1orf168,6.550315845288424e-15,-2.703071328177307,-2.2462032234216167e-12,1,1,1.0
HPS5,6.661338147750939e-15,-2.5844403633975626,-2.2746249328520207e-12,1,1,1.0
FZD1,6.8833827526759706e-15,-2.5998070083235416,-2.3083757128006255e-12,1,1,1.0
LILRB2,6.8833827526759706e-15,-2.591266665779832,-2.311040248059726e-12,1,1,1.0
CLCN1,6.8833827526759706e-15,-2.592668126984128,-2.312816604899126e-12,1,1,1.0
DLD,6.8833827526759706e-15,-2.6058495155605623,-2.352784633785632e-12,1,1,1.0
BBS12,6.8833827526759706e-15,-2.607537552235312,-2.352784633785632e-12,1,1,1.0
CHST6,6.8833827526759706e-15,-2.60840484613554,-2.353672812205332e-12,1,1,1.0
BUB1,6.994405055138486e-15,-2.6243709913408657,-2.382982700055436e-12,1,1,1.0
PLCZ1,7.105427357601002e-15,-2.6462297741685026,-2.4122925879055397e-12,1,1,1.0
TGFBI,7.105427357601002e-15,-2.6443929829122927,-2.4131807663252407e-12,1,1,1.0
PCDHB1,7.105427357601002e-15,-2.641716444414968,-2.4140689447449404e-12,1,1,1.0
WSCD1,7.105427357601002e-15,-2.641679937992492,-2.4149571231646405e-12,1,1,1.0
SH2B3,7.105427357601002e-15,-2.6396816467907485,-2.415845301584341e-12,1,1,1.0
WNK4,6.994405055138486e-15,-3.2718913115544,-2.419398015263141e-12,1,1,1.0
MYH15,7.105427357601002e-15,-2.6581406366907188,-2.4451551894344448e-12,1,1,1.0
EPB41L5,7.327471962526033e-15,-2.6549651126514133,-2.4487079031132453e-12,1,1,1.0
OR51S1,7.105427357601002e-15,-2.654247495110527,-2.4487079031132453e-12,1,1,1.0
ARSF,7.105427357601002e-15,-2.6466045352520715,-2.4522606167920458e-12,1,1,1.0
DIS3,7.327471962526033e-15,-5.075063292685962,-2.4851232183209504e-12,3,3,1.0
OR5AS1,7.438494264988549e-15,-2.671779381097957,-2.4877877535800508e-12,1,1,1.0
C5orf25,7.327471962526033e-15,-2.670447226323967,-2.488675931999751e-12,1,1,1.0
TPTE2,7.327471962526033e-15,-2.881800468388855,-2.489564110419451e-12,1,1,1.0
BAAT,7.327471962526033e-15,-2.6635984385326266,-2.492228645678552e-12,1,1,1.0
TCHHL1,7.438494264988549e-15,-2.840096185057869,-2.518873998269555e-12,1,1,1.0
FAM57B,7.438494264988549e-15,-2.7575105762338223,-2.5197621766892557e-12,1,1,1.0
RNASEN,7.66053886991358e-15,-2.702168935329067,-2.55173659979846e-12,1,1,1.0
NID2,7.438494264988549e-15,-2.6957526732889203,-2.5544011350575598e-12,1,1,1.0
ANO2,7.438494264988549e-15,-3.674076071650605,-2.5544011350575598e-12,1,1,1.0
NRK,7.438494264988549e-15,-2.6906055309822534,-2.5570656703166605e-12,1,1,1.0
MGAT5B,7.66053886991358e-15,-3.191595564581278,-2.588151915006165e-12,1,1,1.0
EGFR,7.66053886991358e-15,-4.080390715552698,-2.5899282718455648e-12,2,2,1.0
ATRNL1,7.66053886991358e-15,-2.703207576626869,-2.5917046286849654e-12,1,1,1.0
RBM41,7.771561172376096e-15,-2.722607805831509,-2.6281199438926706e-12,1,1,1.0
DMRT3,7.771561172376096e-15,-2.723171899183805,-2.629896300732071e-12,1,1,1.0
PCDHB3,7.882583474838611e-15,-2.74177123105752,-2.6565416533230746e-12,1,1,1.0
ARHGEF4,7.882583474838611e-15,-2.7857777648982505,-2.657429831742775e-12,1,1,1.0
FAM70B,8.104628079763643e-15,-2.755087988990889,-2.6894042548519792e-12,1,1,1.0
MIER3,8.104628079763643e-15,-2.749738605286875,-2.69118061169138e-12,1,1,1.0
STEAP1,8.104628079763643e-15,-2.7510449486885413,-2.69118061169138e-12,1,1,1.0
MEGF10,8.104628079763643e-15,-3.675650277001746,-2.719602321121784e-12,1,1,1.0
TMEM55A,8.104628079763643e-15,-2.7631695003233285,-2.7258195700596843e-12,1,1,1.0
ZBTB7B,8.104628079763643e-15,-2.7559461452706264,-2.7258195700596843e-12,1,1,1.0
CYP4F2,8.104628079763643e-15,-2.891448056598621,-2.7284841053187847e-12,1,1,1.0
METTL3,9.181544413650045e-14,-5.1301912788781046,-2.7338131758369855e-12,1,1,1.0
CNTNAP5,8.437694987151191e-15,-4.086631181462102,-2.8244073746463986e-12,1,1,1.0
NMNAT2,8.437694987151191e-15,-2.7955782404661087,-2.829736445164599e-12,1,1,1.0
RPS6KA6,8.437694987151191e-15,-2.794741013889104,-2.830624623584299e-12,1,1,1.0
KIAA0892,8.437694987151191e-15,-2.7943735107397125,-2.830624623584299e-12,1,1,1.0
N4BP1,8.659739592076221e-15,-2.817203514977857,-2.859046333014703e-12,1,1,1.0
DHX34,8.659739592076221e-15,-2.8256609566320483,-2.894573469802708e-12,1,1,1.0
MGAT4C,8.659739592076221e-15,-2.818617724975046,-2.9052316108391096e-12,1,1,1.0
ZNF133,8.881784197001252e-15,-2.8386009656256754,-2.930100606590713e-12,1,1,1.0
DDX53,8.659739592076221e-15,-2.839078463510406,-2.930100606590713e-12,1,1,1.0
STRN,8.659739592076221e-15,-2.8341003745459714,-2.9318769634301134e-12,1,1,1.0
SLFNL1,8.659739592076221e-15,-2.8339769943428235,-2.9345414986892138e-12,1,1,1.0
DCAF8,8.992806499463768e-15,-2.851311481108158,-2.9594104944408173e-12,1,1,1.0
POSTN,8.881784197001252e-15,-2.8466036841160807,-2.9629632081196178e-12,1,1,1.0
SERPINB4,8.881784197001252e-15,-2.8439787183321013,-2.964739564959018e-12,1,1,1.0
CSTF2T,8.881784197001252e-15,-2.842324450176994,-2.965627743378718e-12,1,1,1.0
TMEM231,8.992806499463768e-15,-2.864748652996828,-2.9913849175500218e-12,1,1,1.0
WAPAL,8.992806499463768e-15,-3.0834064146271407,-2.994049452809122e-12,1,1,1.0
ITGA10,8.992806499463768e-15,-3.033165076136038,-2.9984903449076228e-12,1,1,1.0
TSKS,9.214851104388801e-15,-2.9902724916243324,-3.027800232757727e-12,1,1,1.0
NOMO2,9.214851104388801e-15,-3.048032400047002,-3.0295765895971268e-12,1,1,1.0
CRISPLD1,8.992806499463768e-15,-2.8703825143835875,-3.0304647680168277e-12,1,1,1.0
PTPN14,9.325873406851317e-15,-2.88518233265648,-3.060662834286632e-12,1,1,1.0
CORIN,9.214851104388801e-15,-2.8816922241764447,-3.064215547965432e-12,1,1,1.0
OR2AG1,9.325873406851317e-15,-2.9264521109750627,-3.0953017926549364e-12,1,1,1.0
SLC7A7,9.325873406851317e-15,-2.8886341379995466,-3.098854506333737e-12,1,1,1.0
RPL6,9.325873406851317e-15,-2.8885780354432478,-3.098854506333737e-12,1,1,1.0
CDHR2,9.325873406851317e-15,-3.4684584266121474,-3.1006308631731368e-12,1,1,1.0
KIAA0240,9.43689570931383e-15,-4.278096080921118,-3.1015190415928373e-12,2,2,1.0
MCHR2,9.325873406851317e-15,-2.901421594084216,-3.1317171078626416e-12,1,1,1.0
MAP6,9.658940314238862e-15,-3.2656827210945685,-3.1574742820339448e-12,1,1,1.0
DUOXA2,9.658940314238862e-15,-3.038434616058799,-3.1921132404022497e-12,1,1,1.0
RPL9,9.037215420448774e-14,-5.113739745634827,-3.220534949832654e-12,1,1,1.0
SLC37A2,9.769962616701378e-15,-2.9418039315285323,-3.2231994850917545e-12,1,1,1.0
C7orf10,9.769962616701378e-15,-3.0597563496283104,-3.225864020350855e-12,1,1,1.0
SLC24A3,9.769962616701378e-15,-2.935668391933882,-3.2285285556099552e-12,1,1,1.0
PRKCG,9.658940314238862e-15,-2.9355134135637626,-3.2285285556099552e-12,1,1,1.0
ARHGAP35,9.992007221626407e-15,-3.2405732978675497,-3.255173908200959e-12,1,1,1.0
DDX41,9.992007221626407e-15,-2.97948256995168,-3.256062086620659e-12,1,1,1.0
GLRA1,9.992007221626407e-15,-2.949910013501531,-3.2569502650403592e-12,1,1,1.0
TSPYL5,1.0103029524088925e-14,-2.963553375129604,-3.288924688149564e-12,1,1,1.0
C6orf170,9.992007221626407e-15,-3.118754109660414,-3.2942537586677645e-12,1,1,1.0
AP1M1,9.992007221626407e-15,-3.2623063043154734,-3.2960301155071647e-12,1,1,1.0
C15orf60,9.992007221626407e-15,-2.956454142482304,-3.3004710076056654e-12,1,1,1.0
TM7SF4,1.0103029524088925e-14,-5.1016909786552125,-3.320010932839068e-12,1,1,1.0
ZNF324B,1.0103029524088925e-14,-2.971107226245141,-3.327116360196669e-12,1,1,1.0
VPS26B,1.0103029524088925e-14,-3.707257793075615,-3.3288927170360694e-12,1,1,1.0
ISLR,1.021405182655144e-14,-2.980025144350154,-3.3573144264664734e-12,1,1,1.0
ALG6,1.021405182655144e-14,-2.9785472364836525,-3.3582026048861735e-12,1,1,1.0
FAIM2,1.021405182655144e-14,-2.977911744341189,-3.3582026048861735e-12,1,1,1.0
DUSP1,1.021405182655144e-14,-2.986407495505651,-3.3937297416741785e-12,1,1,1.0
PCDHB16,1.0547118733938987e-14,-3.0044965715550305,-3.4212632726848824e-12,1,1,1.0
CASP10,1.0547118733938987e-14,-3.06085254236121,-3.4221514511045825e-12,1,1,1.0
ARHGEF1,1.0436096431476471e-14,-3.0011251134145693,-3.428368700042484e-12,1,1,1.0
TRPM8,1.0547118733938987e-14,-3.0140951653901524,-3.4523495173743868e-12,1,1,1.0
FNIP2,1.0547118733938987e-14,-3.013755626250621,-3.453237695794087e-12,1,1,1.0
GRB10,1.0547118733938987e-14,-3.012513750520065,-3.4559022310531877e-12,1,1,1.0
OR6B2,1.0547118733938987e-14,-3.0192201289336635,-3.486100297322992e-12,1,1,1.0
EGFLAM,1.0547118733938987e-14,-3.0191725378116803,-3.486100297322992e-12,1,1,1.0
ATG4C,1.0547118733938987e-14,-3.018706621778544,-3.486988475742692e-12,1,1,1.0
PEAR1,1.0880185641326534e-14,-3.0323897643992783,-3.5118574714942948e-12,1,1,1.0
PCDHA4,1.0769163338864018e-14,-3.131127432659862,-3.514522006753396e-12,1,1,1.0
EPHA2,1.0880185641326534e-14,-3.031323218650809,-3.516298363592796e-12,1,1,1.0
SMOC2,1.0769163338864018e-14,-3.224701022103486,-3.517186542012496e-12,1,1,1.0
C9orf171,1.0880185641326534e-14,-3.094339851391811,-3.5553782140596013e-12,1,1,1.0
COL19A1,1.0880185641326534e-14,-3.03744276213634,-3.5562663924793014e-12,1,1,1.0
FAM194A,1.0880185641326534e-14,-3.774592010210616,-3.5571545708990016e-12,1,1,1.0
SCTR,1.0991207943789051e-14,-3.052595135450218,-3.578470852971805e-12,1,1,1.0
CDH4,1.0991207943789051e-14,-3.228908648119585,-3.581135388230905e-12,1,1,1.0
OR5AR1,1.0991207943789051e-14,-3.048178748928624,-3.5846881019097054e-12,1,1,1.0
ARHGEF11,1.0880185641326534e-14,-3.0468616200796266,-3.5846881019097054e-12,1,1,1.0
EZH2,1.0880185641326534e-14,-3.0869195559880347,-3.5855762803294056e-12,1,1,1.0
BICD1,1.0880185641326534e-14,-3.0474942081163805,-3.587352637168806e-12,1,1,1.0
PARD3,1.0991207943789051e-14,-3.1219120781261034,-3.6148861681795097e-12,1,1,1.0
MAGEL2,1.121325254871408e-14,-3.0664237016772,-3.645972412869014e-12,1,1,1.0
SULT1C2,1.1324274851176595e-14,-3.0757749812289834,-3.680611371237319e-12,1,1,1.0
THEG,1.1546319456101628e-14,-3.088191745659097,-3.709921259087423e-12,1,1,1.0
C6orf106,1.1546319456101628e-14,-3.168096908610145,-3.733902076419327e-12,1,1,1.0
MEFV,8.848477506262499e-14,-8.733379472812947,-3.733902076419327e-12,2,2,1.0
R3HDM1,1.1546319456101628e-14,-3.093650801574821,-3.741007503776928e-12,1,1,1.0
ARL3,8.848477506262499e-14,-5.092913264061358,-3.764100142689131e-12,1,1,1.0
OIT3,1.1657341758564144e-14,-3.104287680109405,-3.772093748466432e-12,1,1,1.0
PCDHGA5,1.1768364061026661e-14,-3.1173208838464164,-3.805844528415037e-12,1,1,1.0
SH3TC2,1.1768364061026661e-14,-3.276571846062369,-3.82716081048784e-12,1,1,1.0
TM9SF4,1.1768364061026661e-14,-3.125563647729093,-3.8316017025863394e-12,1,1,1.0
CTNNA2,1.1768364061026661e-14,-3.2120096965246456,-3.8324898810060396e-12,1,1,1.0
FRZB,1.2101430968414206e-14,-3.13696924134467,-3.857358876757644e-12,1,1,1.0
MYLK2,1.199040866595169e-14,-3.1805955954679326,-3.860023412016744e-12,1,1,1.0
HADH,1.2101430968414206e-14,-3.1339337787377417,-3.8609115904364436e-12,1,1,1.0
TBC1D21,1.199040866595169e-14,-3.1342291935890203,-3.8609115904364436e-12,1,1,1.0
BCAN,1.199040866595169e-14,-3.251799970146863,-3.862687947275845e-12,1,1,1.0
TUFT1,1.199040866595169e-14,-3.1310249347462804,-3.864464304115245e-12,1,1,1.0
SDR42E1,1.199040866595169e-14,-3.12982600803855,-3.866240660954645e-12,1,1,1.0
PCDHA1,1.199040866595169e-14,-3.229642205466121,-3.866240660954645e-12,1,1,1.0
C3orf67,1.2101430968414206e-14,-3.1451096746305995,-3.885780586188048e-12,1,1,1.0
LBXCOR1,1.2101430968414206e-14,-3.773292009298659,-3.888445121447148e-12,1,1,1.0
ARHGEF10L,1.2101430968414206e-14,-3.139819405887593,-3.892886013545649e-12,1,1,1.0
MNDA,1.2101430968414206e-14,-3.1411032657362226,-3.894662370385049e-12,1,1,1.0
ATXN7L1,1.2101430968414206e-14,-3.300467480223362,-3.895550548804749e-12,1,1,1.0
ZMYND10,1.2101430968414206e-14,-3.1380776831666872,-3.89821508406385e-12,1,1,1.0
AP1G2,1.2101430968414206e-14,-3.1470807983170395,-3.928413150333654e-12,1,1,1.0
CACNA1S,1.2323475573339238e-14,-4.373869047887784,-3.929301328753354e-12,1,1,1.0
TMTC4,1.2323475573339238e-14,-3.158037765644784,-3.958611216603458e-12,1,1,1.0
MCM10,1.2323475573339238e-14,-3.156770909192508,-3.959499395023158e-12,1,1,1.0
AGBL2,1.2434497875801752e-14,-3.1720291086259653,-3.979927498676261e-12,1,1,1.0
ST8SIA4,1.2434497875801752e-14,-3.165929978977323,-3.987921104453562e-12,1,1,1.0
RAB17,1.2434497875801752e-14,-3.1635257297873016,-3.990585639712663e-12,1,1,1.0
PRPF8,1.2545520178264267e-14,-4.782739682794464,-4.021671884402167e-12,2,2,1.0
IKZF1,1.27675647831893e-14,-3.183137971546085,-4.056310842770472e-12,1,1,1.0
PKNOX1,1.27675647831893e-14,-3.196768162133812,-4.072298054325074e-12,1,1,1.0
SLITRK1,1.27675647831893e-14,-3.5457511518272797,-4.075850768003875e-12,1,1,1.0
GRID1,1.27675647831893e-14,-3.3290685349295424,-4.0811798385220754e-12,1,1,1.0
OR8B12,1.27675647831893e-14,-3.191624385714245,-4.0811798385220754e-12,1,1,1.0
PCDHGC4,1.2878587085651816e-14,-3.204990053318629,-4.101607942175178e-12,1,1,1.0
BLZF1,1.3100631690576847e-14,-3.2129322709690964,-4.1309178300252825e-12,1,1,1.0
C6orf118,1.3100631690576847e-14,-3.212426501188269,-4.133582365284383e-12,1,1,1.0
BNC2,1.3100631690576847e-14,-3.2175984135813387,-4.169997680492088e-12,1,1,1.0
PGM3,1.3100631690576847e-14,-3.215686219746472,-4.172662215751188e-12,1,1,1.0
C15orf57,1.3100631690576847e-14,-3.214989494985544,-4.173550394170889e-12,1,1,1.0
DCTD,1.3100631690576847e-14,-3.2147403012443623,-4.1744385725905886e-12,1,1,1.0
IPO7,1.3211653993039364e-14,-3.226012830188038,-4.198419389922492e-12,1,1,1.0
MEPE,1.3211653993039364e-14,-3.222479774123996,-4.202860282020993e-12,1,1,1.0
CADM2,8.670841822322474e-14,-8.739785608637563,-4.241940132487798e-12,2,2,1.0
PDGFRB,1.3544720900426911e-14,-3.2444288992868118,-4.2517100951045e-12,1,1,1.0
LNX1,1.3544720900426911e-14,-3.244518255482343,-4.2517100951045e-12,1,1,1.0
JAM2,1.3322676295501878e-14,-3.240854731590243,-4.2552628087833e-12,1,1,1.0
SNCAIP,1.3655743202889424e-14,-3.253277251590005,-4.287237231892505e-12,1,1,1.0
MDFI,8.637535131583719e-14,-5.102304697271727,-4.289901767151605e-12,1,1,1.0
KCNK13,1.3655743202889424e-14,-3.260732936413091,-4.3147707629032076e-12,1,1,1.0
GATA2,8.637535131583719e-14,-8.532719176730449,-4.316547119742609e-12,2,2,1.0
PRDM16,1.3655743202889424e-14,-3.257214739135064,-4.316547119742609e-12,1,1,1.0
ELL,1.3655743202889424e-14,-3.3949886079593634,-4.318323476582009e-12,1,1,1.0
RAB25,1.3655743202889424e-14,-3.257119498363296,-4.319211655001709e-12,1,1,1.0
SYTL4,1.3877787807814455e-14,-3.265491529706552,-4.344968829173013e-12,1,1,1.0
ZC3H18,1.3988810110276972e-14,-3.442670157461546,-4.368949646504916e-12,1,1,1.0
HCLS1,1.3988810110276972e-14,-3.275005694684664,-4.372502360183717e-12,1,1,1.0
GNAI2,1.3877787807814455e-14,-3.271889860154632,-4.376055073862517e-12,1,1,1.0
GZMB,1.3877787807814455e-14,-3.4246446053533943,-4.377831430701917e-12,1,1,1.0
LGTN,1.3988810110276972e-14,-3.2817113260120303,-4.406253140132321e-12,1,1,1.0
SFRS6,1.4099832412739488e-14,-3.289750164435134,-4.432898492723325e-12,1,1,1.0
FKBP8,1.4099832412739488e-14,-3.287731934870353,-4.434674849562725e-12,1,1,1.0
DLX3,1.4099832412739488e-14,-3.285960122333964,-4.438227563241526e-12,1,1,1.0
CCDC60,1.3988810110276972e-14,-3.6355520170386098,-4.439115741661226e-12,1,1,1.0
MPND,1.4321877017664523e-14,-3.299324836060308,-4.456879310055229e-12,1,1,1.0
ZNF616,1.4099832412739488e-14,-3.29505374230435,-4.463984737412829e-12,1,1,1.0
RIT1,1.4321877017664523e-14,-3.3062347897125326,-4.487965554744733e-12,1,1,1.0
POU5F1,1.4321877017664523e-14,-3.3543570248025145,-4.494182803682634e-12,1,1,1.0
GRM3,1.4321877017664523e-14,-5.969444493119843,-4.526157226791838e-12,2,2,1.0
SYT1,1.454392162258955e-14,-3.3167800398518947,-4.552802579382842e-12,1,1,1.0
TCEB3B,1.454392162258955e-14,-3.3540452034817507,-4.553690757802542e-12,1,1,1.0
HEATR4,1.454392162258955e-14,-3.3158422340370683,-4.553690757802542e-12,1,1,1.0
PHACTR1,1.4765966227514582e-14,-3.591146223831415,-4.573230683035945e-12,1,1,1.0
GPR125,1.4876988529977098e-14,-3.3355893718058107,-4.601652392466349e-12,1,1,1.0
BRS3,1.4876988529977098e-14,-3.33530528785653,-4.603428749305749e-12,1,1,1.0
UGT1A10,1.4765966227514582e-14,-3.3320222778297954,-4.605205106145149e-12,1,1,1.0
JMJD5,1.4876988529977098e-14,-3.526918600817646,-4.639844064513454e-12,1,1,1.0
SLCO5A1,1.5099033134902132e-14,-3.348496403256436,-4.6638248818453576e-12,1,1,1.0
AQP5,1.5099033134902132e-14,-3.4824838483715035,-4.688693877596961e-12,1,1,1.0
MAT1A,1.5210055437364645e-14,-3.3559354686481853,-4.689582056016661e-12,1,1,1.0
DDX23,1.5210055437364645e-14,-3.522632176102519,-4.718003765447065e-12,1,1,1.0
PDCD2L,1.5210055437364645e-14,-5.400948814598994,-4.725109192804666e-12,2,2,1.0
ZNF502,1.5210055437364645e-14,-3.365595501093245,-4.758859972753271e-12,1,1,1.0
BRPF1,1.554312234475219e-14,-3.4897544875808686,-4.801492536898877e-12,1,1,1.0
OR4B1,1.554312234475219e-14,-3.381561407147632,-4.805933428997378e-12,1,1,1.0
MBTPS1,1.5654144647214707e-14,-3.3898383455513392,-4.829026067909581e-12,1,1,1.0
CYBRD1,1.554312234475219e-14,-3.425194269397852,-4.8334669600080815e-12,1,1,1.0
FLRT1,1.5876189252139742e-14,-4.10211804196176,-4.863665026277886e-12,1,1,1.0
DNMT3B,1.5876189252139742e-14,-3.4904820891703605,-4.864553204697586e-12,1,1,1.0
TEK,1.5876189252139742e-14,-3.3997961670417625,-4.8956394493870895e-12,1,1,1.0
TCTE3,1.5987211554602254e-14,-3.4078419243830527,-4.919620266718994e-12,1,1,1.0
TTC39A,1.609823385706477e-14,-3.4825622059895225,-4.942712905631197e-12,1,1,1.0
LRRTM2,1.609823385706477e-14,-3.41388767608689,-4.9471537977296975e-12,1,1,1.0
KCNU1,1.609823385706477e-14,-4.67721872076321,-4.9755755071601016e-12,1,1,1.0
DAXX,1.609823385706477e-14,-3.420111232868966,-4.977351863999502e-12,1,1,1.0
GUCA2A,1.63202784619898e-14,-3.4306340539612847,-4.998668146072305e-12,1,1,1.0
FAM19A4,1.6431300764452317e-14,-3.4416383512227897,-5.051958851254312e-12,1,1,1.0
PLA2G2D,1.6431300764452317e-14,-3.4414038021425584,-5.053735208093713e-12,1,1,1.0
BAI1,1.6431300764452317e-14,-3.7369754095296046,-5.054623386513413e-12,1,1,1.0
CDH16,1.6431300764452317e-14,-3.4408758654815585,-5.056399743352813e-12,1,1,1.0
OSTalpha,1.6431300764452317e-14,-3.439943148241384,-5.057287921772513e-12,1,1,1.0
SPATA21,1.6431300764452317e-14,-3.5461640206383733,-5.058176100192213e-12,1,1,1.0
PRKD3,1.6653345369377348e-14,-3.448537293474871,-5.083045095943817e-12,1,1,1.0
ADAMTS12,1.6764367671839864e-14,-3.456073991884124,-5.1088022701151195e-12,1,1,1.0
GYG2,1.6764367671839864e-14,-3.9394460372266846,-5.135447622706124e-12,1,1,1.0
FGL2,1.709743457922741e-14,-3.4713956042567897,-5.153211191100127e-12,1,1,1.0
NAPSA,8.293365993949919e-14,-5.134535569933049,-5.1940673984063316e-12,1,1,1.0
OR52E8,1.709743457922741e-14,-3.474269333909305,-5.196731933665433e-12,1,1,1.0
HECW1,1.709743457922741e-14,-5.624707108788115,-5.197620112085133e-12,2,2,1.0
LYRM5,1.7430501486614958e-14,-3.495901317132749,-5.2580162446247406e-12,1,1,1.0
PLA2G4C,1.7430501486614958e-14,-3.4947345742865714,-5.264233493562642e-12,1,1,1.0
IGSF5,1.754152378907747e-14,-3.589882557355773,-5.299760630350647e-12,1,1,1.0
SULT1B1,1.7430501486614958e-14,-3.4966653772961918,-5.302425165609748e-12,1,1,1.0
PMPCB,1.7652546091539992e-14,-3.508280213459261,-5.3157478419052495e-12,1,1,1.0
CAPS,1.787459069646502e-14,-3.5143098003199498,-5.340616837656853e-12,1,1,1.0
SERPINA12,1.7652546091539992e-14,-3.508781837622287,-5.353051335532655e-12,1,1,1.0
HOOK3,1.787459069646502e-14,-3.767933973230313,-5.369926725506957e-12,1,1,1.0
KDM6A,1.787459069646502e-14,-5.318826697496623,-5.377032152864558e-12,2,2,1.0
SLCO3A1,1.8207657603852567e-14,-3.673841193321079,-5.417000181751064e-12,1,1,1.0
PPAP2A,1.7985612998927536e-14,-3.6190059816462816,-5.423217430688965e-12,1,1,1.0
CLDN14,1.7985612998927536e-14,-4.513763983280102,-5.424993787528365e-12,1,1,1.0
FEZF2,1.7985612998927536e-14,-3.5290707370759145,-5.427658322787465e-12,1,1,1.0
STT3B,1.7985612998927536e-14,-3.651964849151213,-5.4285465012071654e-12,1,1,1.0
ZNF677,1.7985612998927536e-14,-3.5275841322172603,-5.430322858046566e-12,1,1,1.0
TSHZ3,1.8207657603852567e-14,-3.536362460191411,-5.448974604860268e-12,1,1,1.0
SEL1L2,1.8318679906315083e-14,-3.6838749081098254,-5.4498627832799684e-12,1,1,1.0
MYEOV,1.8207657603852567e-14,-3.534752942682644,-5.453415496958769e-12,1,1,1.0
RCC2,1.8318679906315083e-14,-3.701458407885195,-5.473843600611872e-12,1,1,1.0
SULF1,1.8651746813702633e-14,-3.553741635440967,-5.5280224842135794e-12,1,1,1.0
HDAC3,1.8429702208777602e-14,-3.7811835145903774,-5.52891066263328e-12,1,1,1.0
TMTC2,1.8651746813702633e-14,-3.559421386863556,-5.552003301545483e-12,1,1,1.0
KDR,1.8762769116165142e-14,-6.26988370138776,-5.575984118877386e-12,2,2,1.0
ZFP42,1.8762769116165142e-14,-3.882977196132975,-5.579536832556187e-12,1,1,1.0
MYC,1.8984813721090177e-14,-4.117175884471253,-5.5990767577895895e-12,1,1,1.0
FLRT2,1.8984813721090177e-14,-3.762792325581435,-5.60351764988809e-12,1,1,1.0
CUL1,1.8984813721090177e-14,-5.621232034932368,-5.606182185147191e-12,2,2,1.0
SECISBP2L,1.8984813721090177e-14,-3.57156596135163,-5.606182185147191e-12,1,1,1.0
GPR124,1.8762769116165142e-14,-4.123966606103831,-5.615063969344192e-12,1,1,1.0
GABRR1,1.8984813721090177e-14,-4.344117604509934,-5.631051180898794e-12,1,1,1.0
WEE1,1.9095836023552686e-14,-3.5816282634069574,-5.6550319982306965e-12,1,1,1.0
SERPINB12,1.9206858326015208e-14,-3.585559339076213,-5.681677350821701e-12,1,1,1.0
CYP4A22,1.9206858326015208e-14,-3.592345121088459,-5.714539952350606e-12,1,1,1.0
FBXO30,1.9428902930940243e-14,-3.5986900691961194,-5.732303520744608e-12,1,1,1.0
SLC12A3,1.9539925233402755e-14,-3.605291346411073,-5.751843445978011e-12,1,1,1.0
ZC3HC1,1.9539925233402755e-14,-3.6087431644293058,-5.782041512247815e-12,1,1,1.0
SPESP1,8.01581023779363e-14,-4.996144847940016,-5.808686864838819e-12,1,1,1.0
SLC18A2,1.9761969838327783e-14,-3.845389634060844,-5.808686864838819e-12,1,1,1.0
MYF5,1.9761969838327783e-14,-3.686798238938716,-5.81223957851762e-12,1,1,1.0
PTPN11,8.01581023779363e-14,-24.72213819036844,-5.833555860590423e-12,9,9,1.0
LRRC43,1.9872992140790302e-14,-3.6196687888761607,-5.833555860590423e-12,1,1,1.0
GBP4,7.993605777301127e-14,-11.38487979659406,-5.872635711057228e-12,3,3,1.0
DLC1,2.0317081350640365e-14,-5.948400682452541,-5.933031843596837e-12,2,2,1.0
KCNA4,2.05391259555654e-14,-5.968381026231586,-5.972111694063642e-12,2,2,1.0
RAP1GDS1,2.05391259555654e-14,-3.745848104273399,-5.981881656680344e-12,1,1,1.0
PCDHGA3,2.0650148258027912e-14,-3.6598494137900137,-5.994316154556145e-12,1,1,1.0
BTBD16,2.0650148258027912e-14,-3.6567356810604026,-6.004086117172847e-12,1,1,1.0
CTSG,2.0983215165415462e-14,-3.669773952165383,-6.040501432380552e-12,1,1,1.0
ALDH1A3,2.0761170560490427e-14,-3.669696634700199,-6.041389610800252e-12,1,1,1.0
ANG,7.904787935331116e-14,-4.981993718134015,-6.068034963391256e-12,1,1,1.0
KLHL18,2.109423746787797e-14,-3.679292360032699,-6.093792137562559e-12,1,1,1.0
MECR,2.142730437526552e-14,-3.690966826270027,-6.131983809609665e-12,1,1,1.0
VPS72,2.142730437526552e-14,-3.690217356549852,-6.134648344868765e-12,1,1,1.0
BECN1,2.131628207280301e-14,-3.8833680417914143,-6.135536523288465e-12,1,1,1.0
NPAS4,2.131628207280301e-14,-3.689414261203072,-6.1382010585475655e-12,1,1,1.0
C13orf18,2.131628207280301e-14,-3.688830045782542,-6.139977415386966e-12,1,1,1.0
KHDRBS3,7.860379014346108e-14,-5.082961331706785,-6.155076448521868e-12,1,1,1.0
ANKRD30A,2.153832667772804e-14,-3.853291645674657,-6.184386336371972e-12,1,1,1.0
C6orf142,2.153832667772804e-14,-3.6991597635527858,-6.190603585309873e-12,1,1,1.0
NTSR2,2.153832667772804e-14,-3.770616213284866,-6.218137116320577e-12,1,1,1.0
TMEM200A,2.1760371282653068e-14,-4.032703874661295,-6.2225780084190766e-12,1,1,1.0
CNTN5,2.153832667772804e-14,-6.056992731554984,-6.2225780084190766e-12,2,2,1.0
TTLL2,2.1760371282653068e-14,-3.71080174693218,-6.225242543678178e-12,1,1,1.0
ZNF260,7.815970093361102e-14,-4.985260585507998,-6.227907078937278e-12,1,1,1.0
GANC,2.1760371282653068e-14,-4.764058247328126,-6.227907078937278e-12,1,1,1.0
DUSP26,2.1760371282653068e-14,-3.711912677713773,-6.258993323626783e-12,1,1,1.0
CCL16,2.2093438190040612e-14,-3.719362470841092,-6.282085962538986e-12,1,1,1.0
TMCO5A,7.7937656328686e-14,-4.968173378877935,-6.291855925155687e-12,1,1,1.0
AURKC,7.7937656328686e-14,-4.966222631449878,-6.298961352513288e-12,1,1,1.0
KLHDC3,2.2093438190040612e-14,-3.8684862971308274,-6.304290423031489e-12,1,1,1.0
ZNF37A,2.220446049250313e-14,-3.730533681405608,-6.315836742487591e-12,1,1,1.0
FSD2,2.220446049250313e-14,-3.7277865729551904,-6.326494883523992e-12,1,1,1.0
DDR2,2.2315482794965646e-14,-6.13196560839741,-6.338041202980094e-12,2,2,1.0
BMP6,2.2315482794965646e-14,-3.734503459828817,-6.338929381399794e-12,1,1,1.0
TYRO3,2.2315482794965646e-14,-3.73285033187448,-6.346922987177095e-12,1,1,1.0
RIN1,2.220446049250313e-14,-4.143710093663223,-6.348699344016495e-12,1,1,1.0
PDK4,2.253752739989068e-14,-3.739480467443631,-6.369127447669598e-12,1,1,1.0
ELF4,2.253752739989068e-14,-3.743256224995564,-6.391331908162101e-12,1,1,1.0
ZNF311,7.738254481637341e-14,-4.959235667632603,-6.403766406037903e-12,1,1,1.0
JAK3,2.2648549702353197e-14,-3.7480800261287457,-6.412648190234904e-12,1,1,1.0
SEMA3A,2.2648549702353197e-14,-5.862167766906654,-6.421529974431906e-12,2,2,1.0
WDR27,2.2648549702353197e-14,-3.751854253281216,-6.434852650727407e-12,1,1,1.0
RSRC2,2.2870594307278225e-14,-3.933732943379755,-6.4561689328002095e-12,1,1,1.0
ZNF394,2.2870594307278225e-14,-4.122107395436131,-6.467715252256312e-12,1,1,1.0
TRIM48,2.2981616609740744e-14,-3.780716782737336,-6.486366999070015e-12,1,1,1.0
CENPN,2.3092638912203256e-14,-3.767388654352159,-6.499689675365517e-12,1,1,1.0
EYA4,2.3314683517128287e-14,-3.777811494892012,-6.5414340610914215e-12,1,1,1.0
GRIK2,2.3425705819590803e-14,-8.422204860503012,-6.558309451065725e-12,3,3,1.0
TRPC4AP,2.3425705819590803e-14,-4.0043107613633895,-6.574296662620327e-12,1,1,1.0
C11orf70,2.3647750424515834e-14,-3.7857345129629016,-6.586731160496129e-12,1,1,1.0
GRWD1,2.3647750424515834e-14,-3.8539839992114335,-6.586731160496129e-12,1,1,1.0
VLDLR,2.3425705819590803e-14,-3.952292192323171,-6.590283874174929e-12,1,1,1.0
ETV3,2.3647750424515834e-14,-3.968904310083992,-6.5991656583719305e-12,1,1,1.0
NPNT,2.3647750424515834e-14,-3.791684381550687,-6.600053836791631e-12,1,1,1.0
HK1,2.3758772726978353e-14,-3.7965245920892334,-6.628475546222035e-12,1,1,1.0
KIAA1529,2.3758772726978353e-14,-3.796249228060014,-6.632028259900835e-12,1,1,1.0
ACOXL,2.3758772726978353e-14,-3.8957941322038536,-6.632916438320535e-12,1,1,1.0
SH3BP4,2.3869795029440862e-14,-3.8005435895717303,-6.6480154714554366e-12,1,1,1.0
ACTBL2,2.4202861936828413e-14,-3.8096625203358383,-6.687095321922243e-12,1,1,1.0
VARS2,2.4091839634365897e-14,-4.2770008713957255,-6.698641641378345e-12,1,1,1.0
FAM47A,2.4202861936828413e-14,-4.059202440333769,-6.711076139254146e-12,1,1,1.0
PTPN5,2.4202861936828413e-14,-3.814212592816777,-6.713740674513247e-12,1,1,1.0
MEX3B,2.4202861936828413e-14,-3.81245322642253,-6.720846101870848e-12,1,1,1.0
FAM65A,2.4424906541753444e-14,-6.301507308711476,-6.755485060239153e-12,2,2,1.0
CNOT3,2.4535928844215963e-14,-3.899885639689936,-6.7759131638922546e-12,1,1,1.0
SEMA6D,2.4535928844215963e-14,-3.94817354573,-6.782130412830156e-12,1,1,1.0
KCNT2,2.4646951146678475e-14,-4.5291148846078935,-6.7910121970271575e-12,1,1,1.0
GJB3,2.4646951146678475e-14,-3.977683627155499,-6.800782159643859e-12,1,1,1.0
SUZ12,2.4646951146678475e-14,-6.212601290729028,-6.8194339064575615e-12,2,2,1.0
PRSS3,7.51620987671231e-14,-4.931532635531543,-6.824762976975762e-12,1,1,1.0
GUCY2D,2.4980018054066022e-14,-4.744519297939196,-6.854961043245567e-12,1,1,1.0
CD320,2.4868995751603507e-14,-3.842966680185577,-6.8611782921834674e-12,1,1,1.0
C1orf183,2.520206265899105e-14,-3.848089010341744,-6.8833827526759706e-12,1,1,1.0
TRPM4,2.520206265899105e-14,-3.915836802221562,-6.906475391588174e-12,1,1,1.0
IL1RL2,2.5313084961453572e-14,-3.858438759299864,-6.912692640526075e-12,1,1,1.0
SAP130,2.5313084961453572e-14,-4.209386471313164,-6.920686246303376e-12,1,1,1.0
AGXT2,2.5424107263916085e-14,-3.9114561843487694,-6.9384498146973775e-12,1,1,1.0
SLC1A1,2.5757174171303632e-14,-3.8733246048303513,-7.003286839335488e-12,1,1,1.0
EPGN,2.5979218776228663e-14,-3.8798100912571134,-7.012168623532489e-12,1,1,1.0
CD74,7.427392034742297e-14,-8.434493090146013,-7.013056801952189e-12,2,2,1.0
SOX5,2.5979218776228663e-14,-3.8785889073077295,-7.015721337211289e-12,1,1,1.0
NRF1,2.5979218776228663e-14,-3.881907381524684,-7.047695760320494e-12,1,1,1.0
SMEK1,2.5979218776228663e-14,-4.0690063863329495,-7.050360295579594e-12,1,1,1.0
TMPRSS13,2.6090241078691182e-14,-3.88937991060438,-7.084111075528199e-12,1,1,1.0
ECM2,2.653433028854124e-14,-3.9021317279875136,-7.141842672808707e-12,1,1,1.0
OR8A1,2.653433028854124e-14,-3.901378315920676,-7.147171743326908e-12,1,1,1.0
HKR1,2.6756374893466276e-14,-3.907689304174652,-7.1516126354254076e-12,1,1,1.0
SLC17A3,2.6867397195928788e-14,-3.9573113149126153,-7.186251593793713e-12,1,1,1.0
GJB4,2.6978419498391304e-14,-4.058651715417127,-7.1871397722134126e-12,1,1,1.0
ATP2A2,2.6867397195928788e-14,-4.066235805428696,-7.199574270089215e-12,1,1,1.0
IKZF4,2.6978419498391304e-14,-4.061423450973928,-7.2013506269286146e-12,1,1,1.0
RTN4RL1,2.7200464103316332e-14,-3.948296930055208,-7.240430477395421e-12,1,1,1.0
KRT79,2.731148640577885e-14,-4.011433014940845,-7.2652994731470236e-12,1,1,1.0
OLFML3,2.731148640577885e-14,-4.209062414916842,-7.267075829986425e-12,1,1,1.0
DAZAP2,2.731148640577885e-14,-3.929979288983307,-7.277733971022826e-12,1,1,1.0
VCAM1,2.731148640577885e-14,-3.929862923558181,-7.279510327862226e-12,1,1,1.0
WT1,7.271960811294775e-14,-8.119325591291283,-7.279510327862226e-12,2,2,1.0
PIK3CB,2.731148640577885e-14,-3.9592185674373512,-7.279510327862226e-12,1,1,1.0
MAP2,2.76445533131664e-14,-6.617192098117831,-7.309708394132029e-12,2,2,1.0
TMEM108,2.7977620220553945e-14,-4.3596398353147885,-7.368328169832239e-12,1,1,1.0
GCM2,2.7977620220553945e-14,-4.077057905469752,-7.37543359718984e-12,1,1,1.0
PA2G4,2.7977620220553945e-14,-3.954340655094764,-7.379874489288339e-12,1,1,1.0
KRT20,2.8088642523016464e-14,-3.960813169600499,-7.379874489288339e-12,1,1,1.0
TMEM18,2.7977620220553945e-14,-3.953905823236768,-7.381650846127739e-12,1,1,1.0
OR51L1,2.831068712794149e-14,-3.9636426928373822,-7.410960733977845e-12,1,1,1.0
NCCRP1,2.831068712794149e-14,-3.967957199554877,-7.422507053433947e-12,1,1,1.0
OR13H1,2.8421709430404014e-14,-6.446337393008529,-7.455369654962851e-12,2,2,1.0
LRIG3,2.853273173286652e-14,-4.164037315913542,-7.455369654962851e-12,1,1,1.0
PKD2L1,2.8754776337791554e-14,-4.151602362577348,-7.469580509678053e-12,1,1,1.0
TDRD10,7.127631818093505e-14,-4.916842502527405,-7.487344078072056e-12,1,1,1.0
ZNF213,2.886579864025407e-14,-3.987130477919101,-7.506884003305458e-12,1,1,1.0
RCAN2,2.90878432451791e-14,-3.991021805737673,-7.51931850118126e-12,1,1,1.0
ZNF486,2.886579864025407e-14,-3.9842504699519288,-7.523759393279761e-12,1,1,1.0
FAM40B,2.886579864025407e-14,-6.506070762174333,-7.526423928538861e-12,2,2,1.0
RPL32,7.0832228971085e-14,-4.873229547989621,-7.570832849523867e-12,1,1,1.0
GABRB1,2.9198865547641623e-14,-3.9994683718579633,-7.59126095317697e-12,1,1,1.0
NKRF,2.964295475749168e-14,-4.012807027167755,-7.620570841027074e-12,1,1,1.0
CHIC2,7.049916206369744e-14,-4.86716096771506,-7.620570841027074e-12,1,1,1.0
SRCRB4D,2.964295475749168e-14,-4.013652886718973,-7.672085189369682e-12,1,1,1.0
SCARA5,2.986499936241671e-14,-4.293335921957098,-7.673861546209082e-12,1,1,1.0
SMAD9,2.986499936241671e-14,-4.018432970220805,-7.675637903048482e-12,1,1,1.0
NLRC4,2.9976021664879227e-14,-4.088402294972394,-7.691625114603085e-12,1,1,1.0
UBP1,3.008704396734174e-14,-4.088447376712125,-7.712941396675888e-12,1,1,1.0
DNAJC7,3.075317778211684e-14,-4.047882671442759,-7.805311952324699e-12,1,1,1.0
TCERG1L,3.075317778211684e-14,-4.578165721326784,-7.808864666003501e-12,1,1,1.0
FLT3,6.938893903907228e-14,-33.33548972168164,-7.815970093361102e-12,15,15,1.0
ABCG4,3.075317778211684e-14,-4.095603589190708,-7.819522807039903e-12,1,1,1.0
SLC6A20,3.075317778211684e-14,-4.049792393005472,-7.826628234397504e-12,1,1,1.0
IDH2,6.916689443414725e-14,-38.82328563128279,-7.844391802791506e-12,20,20,1.0
ZNF548,6.894484982922222e-14,-4.918253634711007,-7.847944516470307e-12,1,1,1.0
SETBP1,6.88338275267597e-14,-8.31811529823274,-7.851497230149107e-12,2,2,1.0
BAIAP2L1,3.141931159689193e-14,-4.099251472140467,-7.86926079854311e-12,1,1,1.0
VRK3,3.141931159689193e-14,-4.158207673954468,-7.876366225900709e-12,1,1,1.0
CYBB,3.186340080674199e-14,-4.112839460002192,-7.947420499476719e-12,1,1,1.0
G6PC,3.230749001659205e-14,-4.257967626330721,-7.997158490979928e-12,1,1,1.0
MDH1B,3.219646771412954e-14,-4.091399051996997,-8.000711204658728e-12,1,1,1.0
ENTPD1,3.241851231905457e-14,-4.100848936043266,-8.01669841621333e-12,1,1,1.0
TOP3B,3.230749001659205e-14,-6.824912078333373,-8.01669841621333e-12,2,2,1.0
KRT13,3.241851231905457e-14,-4.254299905824528,-8.018474773052729e-12,1,1,1.0
C10orf28,3.241851231905457e-14,-6.851829410825684,-8.034461984607333e-12,2,2,1.0
SMC1A,3.2751579226442124e-14,-12.919028441196522,-8.054001909840736e-12,5,5,1.0
ASTL,3.3084646133829665e-14,-4.162960591133419,-8.075318191913539e-12,1,1,1.0
ABCF1,3.2973623831367156e-14,-4.112274032497632,-8.08242361927114e-12,1,1,1.0
MCART2,3.3084646133829665e-14,-4.118495022458289,-8.114398042380344e-12,1,1,1.0
NR2E1,3.319566843629218e-14,-6.625622258962244,-8.130385253934946e-12,2,2,1.0
HSD3B1,3.319566843629218e-14,-4.25414984028015,-8.142819751810748e-12,1,1,1.0
RFX4,3.341771304121721e-14,-4.129853767550669,-8.142819751810748e-12,1,1,1.0
GALNTL4,3.319566843629218e-14,-6.78072258279506,-8.146372465489549e-12,2,2,1.0
COL12A1,3.3528735343679734e-14,-8.94610836705805,-8.160583320204749e-12,3,3,1.0
ATP6V1G3,3.3750779948604765e-14,-4.13672855457525,-8.165912390722951e-12,1,1,1.0
RBM9,3.3750779948604765e-14,-4.136697299447853,-8.167688747562352e-12,1,1,1.0
AURKB,3.3528735343679734e-14,-4.3278830343447225,-8.173017818080552e-12,1,1,1.0
MAX,6.628031457012186e-14,-4.839416782070212,-8.181899602277554e-12,1,1,1.0
TCEANC,3.419486915845482e-14,-4.148977290086369,-8.220979452744359e-12,1,1,1.0
PLEKHH1,3.4305891460917343e-14,-6.958813816545923,-8.233413950620161e-12,2,2,1.0
TCL1A,3.4527936065842375e-14,-4.160084284709719,-8.249401162174763e-12,1,1,1.0
GTF3A,3.4305891460917343e-14,-4.296659748692528,-8.251177519014163e-12,1,1,1.0
EGFL8,3.419486915845482e-14,-4.234622709675521,-8.258282946371764e-12,1,1,1.0
PDXDC1,6.539213615042172e-14,-4.808854975741776,-8.277822871605167e-12,1,1,1.0
DAG1,3.4638958368304884e-14,-4.310875991887372,-8.288481012641569e-12,1,1,1.0
MAPK1,3.4638958368304884e-14,-4.164336934045936,-8.290257369480969e-12,1,1,1.0
CCBE1,3.4527936065842375e-14,-4.160384359726375,-8.292033726320369e-12,1,1,1.0
C8orf80,6.494804694057167e-14,-4.785145241873196,-8.325784506268974e-12,1,1,1.0
LAS1L,3.497202527569243e-14,-4.298858032002121,-8.325784506268974e-12,1,1,1.0
LRCH3,6.472600233564664e-14,-4.8105894686201305,-8.355982572538778e-12,1,1,1.0
AKAP5,3.5416114485542494e-14,-4.4001228245075374,-8.386180638808582e-12,1,1,1.0
DOK2,3.574918139293004e-14,-4.195502711915312,-8.411049634560186e-12,1,1,1.0
CADM3,6.394884621840903e-14,-4.77134907631684,-8.423484132435988e-12,1,1,1.0
SMARCA2,3.6082248300317594e-14,-4.270810652615769,-8.44124770082999e-12,1,1,1.0
CLDN18,3.6082248300317594e-14,-4.2573008064602496,-8.450129485026991e-12,1,1,1.0
NPM1,3.6082248300317594e-14,-4.367882955794497,-8.455458555545192e-12,1,1,1.0
ASB11,3.652633751016765e-14,-4.231663782699503,-8.494538406011998e-12,1,1,1.0
SPACA1,3.6637359812630166e-14,-4.280207623197097,-8.512301974406e-12,1,1,1.0
TBX18,3.697042672001771e-14,-4.226559081468334,-8.515854688084799e-12,1,1,1.0
TUBA1A,3.697042672001771e-14,-4.311927280184236,-8.522960115442402e-12,1,1,1.0
C16orf57,3.697042672001771e-14,-4.227265561527648,-8.522960115442402e-12,1,1,1.0
NIPSNAP1,3.7636560534792807e-14,-4.480685382008884,-8.567369036427408e-12,1,1,1.0
IMMP2L,6.272760089132134e-14,-4.752858470984132,-8.567369036427408e-12,1,1,1.0
HLA-DRB1,6.272760089132134e-14,-4.752751941214885,-8.574474463785009e-12,1,1,1.0
ANKRD13A,6.23945339839338e-14,-4.746383910304507,-8.588685318500211e-12,1,1,1.0
MTA2,3.852473895449293e-14,-7.326006574327743,-8.666845019433822e-12,2,2,1.0
MMP25,3.8635761256955454e-14,-4.273262338484325,-8.677503160470224e-12,1,1,1.0
RAP1B,6.139533326177117e-14,-4.750750337467962,-8.686384944667225e-12,1,1,1.0
CCL11,3.9412917374193063e-14,-4.293377553735623,-8.716583010937029e-12,1,1,1.0
UQCR10,6.072919944699606e-14,-4.719656502162975,-8.71835936777643e-12,1,1,1.0
FAM5C,3.9412917374193063e-14,-15.221535428016798,-8.72546479513403e-12,6,5,0.8333333333333334
ORAI1,3.930189507173054e-14,-4.289360856146958,-8.727241151973429e-12,1,1,1.0
LTA4H,5.995204332975845e-14,-4.707729634833257,-8.775202786637237e-12,1,1,1.0
EPHA3,4.0412118096355704e-14,-4.600543891411539,-8.79296635503124e-12,1,1,1.0
ZNF689,3.996802888650564e-14,-4.33179338355407,-8.79651906871004e-12,1,1,1.0
SCARB1,4.019007349143066e-14,-4.314067636235307,-8.801848139228241e-12,1,1,1.0
TUBA3C,5.995204332975845e-14,-8.11926457549712,-8.807177209746442e-12,2,2,1.0
ZNF642,4.0412118096355704e-14,-4.525264319211475,-8.828493491819245e-12,1,1,1.0
AP3S2,5.928590951498336e-14,-4.89363816989941,-8.833822562337446e-12,1,1,1.0
KIT,4.0967229608668276e-14,-16.70830493808433,-8.839151632855646e-12,7,6,0.8571428571428571
GALNTL6,4.0745185003743245e-14,-4.62345902288222,-8.840927989695047e-12,1,1,1.0
CD70,4.1300296516055823e-14,-4.36283065669419,-8.844480703373847e-12,1,1,1.0
DCLK1,4.1522341120980855e-14,-7.322889366373492,-8.869349699125449e-12,2,2,1.0
TPRG1,5.873079800267078e-14,-4.686005600790748,-8.883560553840653e-12,1,1,1.0
AMOT,4.1522341120980855e-14,-4.407437853519601,-8.899547765395255e-12,1,1,1.0
SLC43A1,4.2299497238218464e-14,-4.452686362205818,-8.93152218850446e-12,1,1,1.0
SLAMF7,5.717648576819556e-14,-4.802786172604938,-8.945733043219661e-12,1,1,1.0
C1RL,5.773159728050814e-14,-4.7102325146451465,-8.945733043219661e-12,1,1,1.0
SPRR4,4.2521541843143495e-14,-4.369447852471401,-8.954614827416663e-12,1,1,1.0
CNOT6L,5.717648576819556e-14,-4.661593699366614,-8.965272968453064e-12,1,1,1.0
OR11H12,4.285460875053104e-14,-7.204092340468316,-8.965272968453064e-12,2,2,1.0
TP73,4.2965631052993564e-14,-4.893043495937442,-8.981260180007666e-12,1,1,1.0
NAE1,4.363176486776865e-14,-4.393757557617335,-8.983036536847067e-12,1,1,1.0
UNC5B,4.2965631052993564e-14,-7.698044251567758,-8.988365607365267e-12,2,2,1.0
ANKRD33,4.329869796038111e-14,-4.384736585260679,-8.991918321044068e-12,1,1,1.0
KIF2B,4.3187675657918596e-14,-7.949072352818755,-8.991918321044068e-12,2,2,1.0
GNRHR,5.6510351953420474e-14,-4.648082302378459,-9.00968188943807e-12,1,1,1.0
DCAF6,4.407585407761872e-14,-4.404668022999406,-9.036327242029074e-12,1,1,1.0
IL1R1,4.39648317751562e-14,-4.424297103668302,-9.039879955707876e-12,1,1,1.0
ELF1,4.407585407761872e-14,-4.404062061516905,-9.045209026226075e-12,1,1,1.0
ACTL7A,5.4178883601707645e-14,-4.65682404517883,-9.06830166513828e-12,1,1,1.0
TBX15,4.5852210917018965e-14,-4.44147942308792,-9.094947017729282e-12,1,1,1.0
KRTAP10-8,4.6074255521943996e-14,-4.446414323964748,-9.096723374568684e-12,1,1,1.0
CAMK1G,4.6851411639181606e-14,-4.518709431334184,-9.107381515605084e-12,1,1,1.0
TNNC2,4.75175454539567e-14,-4.475160774895827,-9.109157872444484e-12,1,1,1.0
CYP26A1,5.3734794391857577e-14,-4.703704745222253,-9.110934229283885e-12,1,1,1.0
C4BPB,4.640732242933154e-14,-4.454771140565766,-9.112710586123283e-12,1,1,1.0
LRRC2,5.362377208939507e-14,-4.9801879514752905,-9.114486942962684e-12,1,1,1.0
MAEL,4.8183679268731794e-14,-4.489395267858545,-9.116263299802084e-12,1,1,1.0
TBC1D4,4.6740389336719097e-14,-4.46035801270502,-9.118039656641486e-12,1,1,1.0
ADAMTS16,4.918287999089444e-14,-5.102988915711664,-9.123368727159686e-12,1,1,1.0
SMC3,4.7850612361344253e-14,-14.18198545413636,-9.134026868196088e-12,5,5,1.0
SLC27A6,4.6851411639181606e-14,-4.462069342350359,-9.134026868196088e-12,1,1,1.0
CHIT1,5.073719222536965e-14,-4.80256349079448,-9.141132295553687e-12,1,1,1.0
ESCO2,5.2180482157382364e-14,-4.56921912159763,-9.14468500923249e-12,1,1,1.0
KCNE3,4.8627768478581856e-14,-4.500019291973359,-9.14468500923249e-12,1,1,1.0
GRM8,5.0959236830294685e-14,-8.14164912408617,-9.14468500923249e-12,2,2,1.0
SLPI,5.1403326040144754e-14,-4.554501139185084,-9.14646136607189e-12,1,1,1.0
EZR,4.7850612361344253e-14,-4.51135415235061,-9.14823772291129e-12,1,1,1.0
PTAR1,5.018208071305708e-14,-4.531282738234075,-9.15001407975069e-12,1,1,1.0
CCDC24,4.89608353859694e-14,-4.505453355614955,-9.162448577626492e-12,1,1,1.0
CCL20,5.029310301551959e-14,-4.534774323668026,-9.164224934465892e-12,1,1,1.0
