gene,obs,exp,obs - exp
DNMT3A,41,2.368637047981522,38.63136295201848
IDH1,18,0.7169614610804294,17.28303853891957
IDH2,20,2.9695782924547016,17.030421707545297
NRAS,15,0.2858433073782824,14.714156692621717
FLT3,15,1.6802446286245223,13.319755371375479
TP53,11,1.1449343390792606,9.85506566092074
RUNX1,9,0.4526522628160398,8.54734773718396
PTPN11,9,0.6470184899024405,8.35298151009756
U2AF1,8,0.211520016181583,7.788479983818417
KRAS,8,0.27761565100623925,7.722384348993761
KIT,7,0.6740636783831652,6.325936321616835
FAM5C,6,0.48660328895216975,5.513396711047831
SMC3,5,0.6002971627081575,4.3997028372918425
SMC1A,5,0.6839342210207748,4.316065778979225
GBP4,3,0.07757759047900989,2.92242240952099
COL12A1,3,0.2990574842396387,2.7009425157603615
GRIK2,3,0.4400501798191498,2.5599498201808504
DIS3,3,0.5583275087710481,2.441672491228952
PLCE1,4,1.9447048004508196,2.0552951995491804
MEFV,2,0.02641047343039294,1.973589526569607
CD74,2,0.029931379590671832,1.970068620409328
SETBP1,2,0.03124454529628077,1.9687554547037192
GATA2,2,0.03149723478969413,1.9685027652103058
DCLK1,2,0.0513907284765753,1.9486092715234247
PLEKHH1,2,0.0616513761457488,1.938348623854251
C10orf28,2,0.06503904319655365,1.9349609568034463
TOP3B,2,0.06632185455542419,1.9336781454445757
GALNTL4,2,0.07140610380226393,1.928593896197736
FAM40B,2,0.08232680657178745,1.9176731934282125
NR2E1,2,0.08345967813972266,1.9165403218602775
WT1,2,0.08451468921938032,1.9154853107806198
OR13H1,2,0.08552447823188494,1.914475521768115
FAM65A,2,0.08563968668376866,1.9143603133162312
DDR2,2,0.09321602559412849,1.9067839744058714
SUZ12,2,0.09484514297496091,1.9051548570250392
KCNA4,2,0.10116086235484366,1.8988391376451563
DLC1,2,0.10217654171661243,1.8978234582833875
OR11H12,2,0.11030609328299339,1.8896939067170067
RBBP4,2,0.1115177696503654,1.8884822303496347
HECW1,2,0.1201269265632455,1.8798730734367546
SEMA3A,2,0.12346724081997591,1.876532759180024
CUL1,2,0.1326390359850964,1.8673609640149036
PDCD2L,2,0.1343472750310726,1.8656527249689274
MAP2,2,0.1499329751410184,1.8500670248589817
KDM6A,2,0.1696305419971813,1.8303694580028187
MTA2,2,0.20528949697905524,1.7947105030209447
PRPF8,2,0.20842914437910107,1.791570855620899
CADM2,2,0.2118318325953604,1.7881681674046397
CNTN5,2,0.21675688670475757,1.7832431132952424
KIAA0240,2,0.26513475860322333,1.7348652413967767
EGFR,2,0.2699197541807794,1.7300802458192206
ATP10B,2,0.2846289261531224,1.7153710738468777
DNAH9,3,1.29538743831682,1.70461256168318
SMG1,3,1.299171115002293,1.700828884997707
PRAMEF2,2,0.3191489361702155,1.6808510638297844
MTUS2,2,0.32400932400952565,1.6759906759904744
GSTK1,2,0.32526357871023237,1.6747364212897677
SCN1A,2,0.3526492059130623,1.6473507940869376
NMUR2,2,0.3593749999998957,1.6406250000001044
PTPRT,3,1.3614432860177028,1.6385567139822972
CSMD3,2,0.3646821688626948,1.6353178311373053
TET1,2,0.3839643652646682,1.6160356347353317
CACNA1B,3,1.410985551951824,1.589014448048176
RIMS1,2,0.41413311421502874,1.5858668857849714
TNC,2,0.4173878347372809,1.5826121652627192
TTBK1,2,0.426324664844144,1.5736753351558561
ILDR1,2,0.4269005847953653,1.5730994152046347
TRPM3,2,0.44193417693198267,1.5580658230680173
GRM8,2,0.4473969133036062,1.5526030866963938
TUBA3C,2,0.467232804776554,1.532767195223446
ZNF687,2,0.4716709229949053,1.5283290770050946
BMPER,2,0.47440744401912044,1.5255925559808796
UNC5B,2,0.5018226682062664,1.4981773317937335
KDR,2,0.544978938442908,1.455021061557092
CACNA1E,3,1.5787649584298535,1.4212350415701465
KIF2B,2,0.5808820581244046,1.4191179418755953
NRXN3,2,0.6062099556471431,1.393790044352857
APOB,2,0.6175800218039293,1.3824199781960707
FAM154B,2,0.6270491803279425,1.3729508196720575
FCGBP,2,0.636579236856047,1.363420763143953
ADAM11,2,0.6453803605171915,1.3546196394828085
CECR2,2,0.6692519587271268,1.3307480412728732
CADPS,2,0.7155963302752466,1.2844036697247534
ADCY5,2,0.7213114754100264,1.2786885245899735
RBM16,2,0.7325566173634439,1.267443382636556
CNTNAP4,2,0.7346201262891328,1.2653798737108672
SI,2,0.7349786536624507,1.2650213463375493
CEBPA,2,0.7350609982683488,1.2649390017316513
GRIK4,2,0.7435105774732382,1.2564894225267618
GRM3,2,0.8022720883093382,1.1977279116906618
MUC5B,3,1.8241143518037584,1.1758856481962416
RYR3,2,0.8728836842184523,1.1271163157815476
BSN,2,0.9094558074235947,1.0905441925764054
DST,2,0.9115754031140089,1.0884245968859911
CHD4,2,0.927152317881047,1.072847682118953
CMYA5,2,0.9509885825668577,1.0490114174331424
KRT27,1,0.0036588035395609124,0.9963411964604391
TFAM,1,0.003870568199425058,0.9961294318005749
RPL4,1,0.0040031453284835984,0.9959968546715164
KLRK1,1,0.0041152263374371455,0.9958847736625629
CDC42,1,0.0042865890998106055,0.9957134109001894
SEPX1,1,0.004501683238429156,0.9954983167615709
C20orf24,1,0.005391690453597182,0.9946083095464028
CARD18,1,0.005535055350551604,0.9944649446494483
METTL3,1,0.005915428868869805,0.9940845711311302
RPL9,1,0.006013551665690631,0.9939864483343094
ARL3,1,0.006140106055684588,0.9938598939443154
GCLM,1,0.006469002695620382,0.9935309973043797
SPESP1,1,0.006763972944112961,0.9932360270558871
ANG,1,0.006860371267163908,0.9931396287328361
TMCO5A,1,0.006955842125739759,0.9930441578742603
AURKC,1,0.0069694244604215205,0.9930305755395785
ZNF311,1,0.0070182900893527075,0.9929817099106473
PRSS3,1,0.007215436168794614,0.9927845638312054
RPL32,1,0.007648623759965746,0.9923513762400342
CHIC2,1,0.007695181173059257,0.9923048188269408
C8orf80,1,0.008352910467507312,0.9916470895324927
CADM3,1,0.008468947193663489,0.9915310528063365
IMMP2L,1,0.008626999895681024,0.991373000104319
HLA-DRB1,1,0.00862791897694316,0.9913720810230569
ANKRD13A,1,0.008683037142509927,0.99131696285749
UQCR10,1,0.008918241419041115,0.9910817585809589
LTA4H,1,0.00902524494123113,0.9909747550587689
TPRG1,1,0.009223454833704129,0.9907765451662959
NDUFA13,1,0.009284031714786022,0.990715968285214
CNOT6L,1,0.009451387722063423,0.9905486122779366
GNRHR,1,0.009579955784813535,0.9904200442151865
PPPDE2,1,0.009774137040341689,0.9902258629596583
ESCO2,1,0.010366051183511573,0.9896339488164885
SLPI,1,0.010519746812863395,0.9894802531871366
CCL20,1,0.010729328308819027,0.989270671691181
PTAR1,1,0.010766856152969474,0.9892331438470305
CCDC24,1,0.011048580115491244,0.9889514198845087
KCNE3,1,0.011108782225895137,0.9888912177741048
MAEL,1,0.01122743134571359,0.9887725686542864
TNNC2,1,0.011388391009992387,0.9886116089900077
SLC27A6,1,0.01153846153848038,0.9884615384615196
TBC1D4,1,0.011558224555467882,0.9884417754445322
C4BPB,1,0.011622979598855944,0.9883770204011441
KRTAP10-8,1,0.011720517694065824,0.9882794823059342
TBX15,1,0.011778500238493991,0.988221499761506
DCAF6,1,0.012220162554500457,0.9877798374454996
ELF1,1,0.012227569746328267,0.9877724302536718
NAE1,1,0.012354220200839303,0.9876457797991607
ANKRD33,1,0.012466171475239065,0.9875338285247609
RAB23,1,0.012472609820502002,0.987527390179498
NECAB2,1,0.012552499448128111,0.9874475005518719
SPRR4,1,0.012658227848102513,0.9873417721518974
SCARB1,1,0.013379017784178049,0.986620982215822
CCL11,1,0.013658714259852043,0.986341285740148
ORAI1,1,0.01371368751604581,0.9862863124839542
MMP25,1,0.01393624416632198,0.986063755833678
C16orf57,1,0.014592237619912683,0.9854077623800873
TBX18,1,0.01460255038726513,0.9853974496127349
DOK2,1,0.015063168124358647,0.9849368318756414
ZBTB33,2,1.0154781647373643,0.9845218352626357
MAPK1,1,0.015540015540020992,0.984459984459979
CCBE1,1,0.015601560156079301,0.9843984398439207
TCL1A,1,0.015606242496994365,0.9843937575030056
TCEANC,1,0.015780547157034218,0.9842194528429657
ATP6V1G3,1,0.015975027543278054,0.9840249724567219
RBM9,1,0.01597552685260203,0.9840244731473979
RFX4,1,0.01608523083338248,0.9839147691666175
MCART2,1,0.01626898047722599,0.983731019522774
ABCF1,1,0.01637050510586964,0.9836294948941303
ENTPD1,1,0.016558612230556834,0.9834413877694431
MDH1B,1,0.016715830875112043,0.9832841691248879
LRRC58,1,0.01729626249426333,0.9827037375057367
SLC6A20,1,0.017425992021882192,0.9825740079781178
DNAJC7,1,0.017459302611449606,0.9825406973885504
SMAD9,1,0.017981119824266964,0.982018880175733
ATP11B,1,0.018020090483839093,0.9819799095161609
SRCRB4D,1,0.018067276833280525,0.9819327231667194
NKRF,1,0.018082565677149706,0.9819174343228503
GABRB1,1,0.01832537858659577,0.9816746214134042
RCAN2,1,0.018480820660222497,0.9815191793397775
ZNF213,1,0.018552875695725567,0.9814471243042744
ZNF486,1,0.01860638514237373,0.9813936148576262
NCCRP1,1,0.01891202719939572,0.9810879728006043
OR51L1,1,0.018993799544606164,0.9810062004553939
KRT20,1,0.01904761904763379,0.9809523809523663
PA2G4,1,0.019171304885607615,0.9808286951143924
TMEM18,1,0.019179642992437195,0.9808203570075628
DAZAP2,1,0.01964407939778004,0.98035592060222
VCAM1,1,0.019646365422434958,0.9803536345775651
HKR1,1,0.020086862106405194,0.9799131378935948
ECM2,1,0.02019880715636001,0.97980119284364
OR8A1,1,0.02021403091556926,0.9797859690844307
RNF213,2,1.0202397564804768,0.9797602435195232
TMPRSS13,1,0.020458027911819412,0.9795419720881806
NRF1,1,0.02061147372041971,0.9793885262795803
EPGN,1,0.020654747326447894,0.9793452526735521
SOX5,1,0.020679985979744155,0.9793200140202558
SLC1A1,1,0.020789138735653013,0.979210861264347
IL1RL2,1,0.021100917431142754,0.9788990825688573
C1orf183,1,0.021320440675015078,0.978679559324985
CD320,1,0.02142993119512035,0.9785700688048796
ZNF260,1,0.021731281501250792,0.9782687184987492
PTPN5,1,0.022055073941977525,0.9779449260580225
MEX3B,1,0.022093911052229194,0.9779060889477708
ACTBL2,1,0.022155654778505503,0.9778443452214945
SH3BP4,1,0.022358614642514017,0.977641385357486
HK1,1,0.022448654672604967,0.9775513453273951
KIAA1529,1,0.02245483707577287,0.9775451629242271
NPNT,1,0.02255757427177907,0.9774424257282209
C11orf70,1,0.022692188947045524,0.9773078110529545
EYA4,1,0.022872693697086086,0.9771273063029139
CENPN,1,0.02311233885836246,0.9768876611416375
WDR27,1,0.02347417840369313,0.9765258215963069
JAK3,1,0.02356294268812329,0.9764370573118767
ELF4,1,0.023676880222832777,0.9763231197771672
PDK4,1,0.023766447367643457,0.9762335526323566
BMP6,1,0.023885028000749816,0.9761149719992502
TYRO3,1,0.023924545663104653,0.9760754543368954
ZNF37A,1,0.02398003472259322,0.9760199652774068
FSD2,1,0.024046001045457403,0.9759539989545426
CCL16,1,0.02424942263282021,0.9757505773671797
DUSP26,1,0.02443075040344971,0.9755692495965503
TTLL2,1,0.024457906357489675,0.9755420936425103
C6orf142,1,0.02474430880827628,0.9752556911917237
PDXDC1,1,0.024882635534198262,0.9751173644658018
MECR,1,0.024947870122329963,0.97505212987767
VPS72,1,0.024966574803990265,0.9750334251960098
NPAS4,1,0.02498663339744389,0.9750133666025561
C13orf18,1,0.02500123523887699,0.974998764761123
KLHL18,1,0.02524082993713859,0.9747591700628614
CTSG,1,0.02548222949856579,0.9745177705014342
ALDH1A3,1,0.02548419979612608,0.974515800203874
PCDHGA3,1,0.025736387979774546,0.9742636120202255
BTBD16,1,0.025816649104368053,0.9741833508956319
LRRC43,1,0.026791548682299778,0.9732084513177002
ZC3HC1,1,0.02708586796480822,0.9729141320351917
SLC12A3,1,0.027179525002419273,0.9728204749975807
FBXO30,1,0.027359538085964103,0.9726404619140359
CYP4A22,1,0.02753368482714865,0.9724663151728513
SERPINB12,1,0.02772115776625065,0.9722788422337494
WEE1,1,0.027830346208472474,0.9721696537915275
SECISBP2L,1,0.02811179720606458,0.9718882027939354
TMTC2,1,0.028455284553308577,0.9715447154466914
SULF1,1,0.02861736334413557,0.9713826366558644
TSHZ3,1,0.029119056395228483,0.9708809436047715
MYEOV,1,0.029165961763715456,0.9708340382362846
FEZF2,1,0.029332160495680177,0.9706678395043198
RAP1B,1,0.02937356798133836,0.9706264320186616
ZNF677,1,0.029375798256004577,0.9706242017439954
CAPS,1,0.029768341965452343,0.9702316580345477
SERPINA12,1,0.029933355924701564,0.9700666440752984
PMPCB,1,0.029948374985960376,0.9700516250140396
SULT1B1,1,0.03029824838258194,0.969701751617418
LYRM5,1,0.03032140691332121,0.9696785930866788
PLA2G4C,1,0.03035680484404911,0.9696431951559509
ASB11,1,0.030536914768078682,0.9694630852319213
OR52E8,1,0.030984464852193666,0.9690155351478064
FGL2,1,0.031073633890094626,0.9689263661099053
ADAMTS12,1,0.031553398058455084,0.968446601941545
PRKD3,1,0.03179210490424656,0.9682078950957534
FAM19A4,1,0.03201219512196413,0.9679878048780359
PLA2G2D,1,0.03201970443350284,0.9679802955664971
CDH16,1,0.032036613272352944,0.967963386727647
OSTalpha,1,0.032066508313511745,0.9679334916864882
GUCA2A,1,0.03236641221369196,0.967633587786308
DAXX,1,0.03270879644347607,0.967291203556524
LRRTM2,1,0.03291299626089447,0.9670870037391055
TCTE3,1,0.033112582781464665,0.9668874172185353
TEK,1,0.03338007322609127,0.9666199267739087
MBTPS1,1,0.03371412649769714,0.9662858735023029
OR4B1,1,0.033994334277622745,0.9660056657223772
ZNF502,1,0.0345414405267049,0.9654585594732951
MAT1A,1,0.034876728803390745,0.9651232711966092
SLCO5A1,1,0.035137146500797245,0.9648628534992028
GPR125,1,0.03559360216277599,0.964406397837224
BRS3,1,0.03560371517025109,0.9643962848297489
UGT1A10,1,0.03572079460546557,0.9642792053945344
LRCH3,1,0.03581127188965406,0.964188728110346
SYT1,1,0.0362694300518118,0.9637305699481882
HEATR4,1,0.03630345968831637,0.9636965403116836
RIT1,1,0.03665392399347072,0.9633460760065293
IL1R1,1,0.03684749232343553,0.9631525076765645
MPND,1,0.03690807799435409,0.9630919220056459
ZNF616,1,0.03706605297865338,0.9629339470213466
SFRS6,1,0.037263157895554434,0.9627368421044455
FKBP8,1,0.037338439444667075,0.9626615605553329
DLX3,1,0.037404654803042815,0.9625953451969572
LGTN,1,0.03756391766092703,0.962436082339073
HCLS1,1,0.03781665387487573,0.9621833461251242
GNAI2,1,0.03793466807170658,0.9620653319282935
HIST1H3D,1,0.03813649938428147,0.9618635006157186
SYTL4,1,0.038178164768931676,0.9618218352310683
KCNK13,1,0.03836027207141176,0.9616397279285882
PRDM16,1,0.0384954687610584,0.9615045312389416
RAB25,1,0.03849913527381085,0.9615008647261891
SNCAIP,1,0.03864734299507914,0.9613526570049209
MDFI,1,0.03895716618369517,0.9610428338163048
LNX1,1,0.03898734177220346,0.9610126582277966
PDGFRB,1,0.03899082568839052,0.9610091743116095
JAM2,1,0.03913043478256412,0.9608695652174358
CD70,1,0.03924696872977508,0.9607530312702249
RTN4RL1,1,0.039349224366356995,0.960650775633643
EZR,1,0.03960677191488634,0.9603932280851136
IPO7,1,0.03971553610492989,0.9602844638950702
MEPE,1,0.03985610148707294,0.960143898512927
BNC2,1,0.04005112910105072,0.9599488708989493
RAB15,1,0.04007132024845158,0.9599286797515484
PGM3,1,0.04012778789307356,0.9598722121069264
C15orf57,1,0.04015575565828585,0.9598442443417141
DCTD,1,0.04016576346815838,0.9598342365318416
BLZF1,1,0.040238450074528614,0.9597615499254714
C6orf118,1,0.040258806614031056,0.959741193385969
ZNF689,1,0.040386772456669204,0.9596132275433308
PCDHGC4,1,0.0405593050664329,0.9594406949335671
MAX,1,0.04087889626995446,0.9591211037300456
PKNOX1,1,0.04089415391833321,0.9591058460816668
OR8B12,1,0.04110504622941526,0.9588949537705848
IKZF1,1,0.04145536504894394,0.958544634951056
AGBL2,1,0.04191845445257025,0.9580815455474297
ST8SIA4,1,0.04217490179878056,0.9578250982012194
RAB17,1,0.042276422764216226,0.9577235772357837
TMTC4,1,0.042509072058004777,0.9574909279419952
MCM10,1,0.04256295907657323,0.9574370409234267
TRIM48,1,0.04291071157574974,0.9570892884242502
AP1G2,1,0.04297740363310177,0.9570225963668982
C3orf67,1,0.043062200956935,0.956937799043065
MNDA,1,0.043235071806281195,0.9567649281937188
ARHGEF10L,1,0.043290615226379905,0.9567093847736201
ZMYND10,1,0.0433660811758234,0.9566339188241766
FRZB,1,0.043414176604422754,0.9565858233955773
TBC1D21,1,0.04353329664436213,0.9564667033556379
HADH,1,0.04354615892647709,0.9564538410735229
TUFT1,1,0.04367301231813859,0.9563269876818614
SDR42E1,1,0.04372540445990702,0.956274595540093
TM9SF4,1,0.04391217564867504,0.956087824351325
C8orf84,1,0.0439722916348452,0.9560277083651548
PCDHGA5,1,0.0442756292172489,0.9557243707827511
OIT3,1,0.04485645933018025,0.9551435406698198
R3HDM1,1,0.04533613866226628,0.9546638613377337
THEG,1,0.045584307946913136,0.9544156920530869
TDRD10,1,0.045643153526896726,0.9543568464731033
SULT1C2,1,0.046153846153863975,0.953846153846136
CYBB,1,0.0463031645061927,0.9536968354938073
MAGEL2,1,0.04658746797116925,0.9534125320288307
SCTR,1,0.04723618090452764,0.9527638190954724
OR5AR1,1,0.04744525547443849,0.9525547445255615
BICD1,1,0.04747774480702647,0.9525222551929735
ARHGEF11,1,0.047507788161934905,0.9524922118380651
COL19A1,1,0.04795737122561568,0.9520426287743843
PEAR1,1,0.04820031298906874,0.9517996870109313
EPHA2,1,0.04825174825211709,0.9517482517478829
PIK3CB,1,0.04859123205527286,0.9514087679447272
OR6B2,1,0.04883929186458241,0.9511607081354176
EGFLAM,1,0.04884161623658844,0.9511583837634116
ATG4C,1,0.04886437763071481,0.9511356223692852
C1RL,1,0.048866151761501705,0.9511338482384983
TRPM8,1,0.049090233940118314,0.9509097660598816
FNIP2,1,0.049106904825958704,0.9508930951740413
GRB10,1,0.049167927382638206,0.9508320726173618
PCDHB16,1,0.04956369982519549,0.9504363001748045
ARHGEF1,1,0.04973108376987344,0.9502689162301265
DUSP1,1,0.050468419462118705,0.9495315805378813
ISLR,1,0.050791556728240275,0.9492084432717597
ALG6,1,0.05086667746657256,0.9491333225334274
FAIM2,1,0.05089901311385249,0.9491009868861475
ZNF324B,1,0.051246537396384594,0.9487534626036154
BAIAP2L1,1,0.051508844953058824,0.9484911550469411
TSPYL5,1,0.051635111879266664,0.9483648881207334
C15orf60,1,0.052002985817561895,0.9479970141824381
GLRA1,1,0.0523444160273054,0.9476555839726946
SLC37A2,1,0.052770448548892644,0.9472295514511073
SLC24A3,1,0.053095219027630404,0.9469047809723696
PRKCG,1,0.0531034482757977,0.9468965517242023
MCHR2,1,0.05494505494506048,0.9450549450549395
SLC7A7,1,0.055652173913022726,0.9443478260869773
RPL6,1,0.05565529622982707,0.9443447037701729
PTPN14,1,0.05584460631281213,0.9441553936871878
CORIN,1,0.05603985056048421,0.9439601494395158
CRISPLD1,1,0.0566772425724688,0.9433227574275312
TMEM231,1,0.05699745547147522,0.9430025445285248
DCAF8,1,0.05776850886475826,0.9422314911352417
POSTN,1,0.05804111245472518,0.9419588875452748
SERPINB4,1,0.058193668528621754,0.9418063314713783
CSTF2T,1,0.05829001613171123,0.9417099838682887
DDX53,1,0.05847953216372362,0.9415204678362764
ZNF133,1,0.058507462684483445,0.9414925373155165
STRN,1,0.05877137428276222,0.9412286257172378
SLFNL1,1,0.05877862595420774,0.9412213740457922
ACTL7A,1,0.05917726192694666,0.9408227380730534
DHX34,1,0.05926946933150029,0.9407305306684997
MGAT4C,1,0.05968839148528588,0.9403116085147141
SLC17A3,1,0.059695368992831496,0.9403046310071685
N4BP1,1,0.05977286312147673,0.9402271368785233
ASTL,1,0.060872356572695324,0.9391276434273047
NMNAT2,1,0.06107954545453247,0.9389204545454676
RPS6KA6,1,0.06113070428607679,0.9388692957139232
KIAA0892,1,0.061153174141044764,0.9388468258589553
ABCG4,1,0.06180624011757919,0.9381937598824208
TMEM55A,1,0.06309148264992585,0.9369085173500742
ZBTB7B,1,0.06354886475785944,0.9364511352421405
FAM70B,1,0.06360342302163052,0.9363965769783695
STEAP1,1,0.06386109476189417,0.9361389052381058
MIER3,1,0.06394457379593052,0.9360554262040695
PCDHB3,1,0.06445607911663351,0.9355439208833665
DMRT3,1,0.06566613737772128,0.9343338626222787
RBM41,1,0.06570318965877718,0.9342968103412228
CAMK1G,1,0.06627812696235963,0.9337218730376404
ATRNL1,1,0.0669902912621928,0.9330097087378072
RNASEN,1,0.06705990629151214,0.9329400937084878
CLDN18,1,0.0673221427180898,0.9326778572819102
NID2,1,0.0674915635548365,0.9325084364451635
NRK,1,0.06783984780231894,0.932160152197681
HSPB7,1,0.0687747155422348,0.9312252844577652
OR5AS1,1,0.06912910877682486,0.9308708912231751
C5orf25,1,0.06922126081586498,0.930778739184135
BAAT,1,0.0696969696969694,0.9303030303030306
MYH15,1,0.07007840189039055,0.9299215981096094
EPB41L5,1,0.07030129124818613,0.9296987087518138
OR51S1,1,0.070351758793965,0.929648241206035
AGXT2,1,0.07039508581812705,0.929604914181873
ARSF,1,0.07089151450052267,0.9291084854994773
PLCZ1,1,0.07091808686014345,0.9290819131398566
TGFBI,1,0.07104846828707101,0.928951531712929
CYBRD1,1,0.07121925548981375,0.9287807445101862
PCDHB1,1,0.07123888696540129,0.9287611130345987
WSCD1,1,0.0712414876897768,0.9287585123102232
SH2B3,1,0.0713839912622239,0.928616008737776
BUB1,1,0.0724853366022466,0.9275146633977533
TCEB3B,1,0.0725146198831849,0.9274853801168151
SPACA1,1,0.07273703382581442,0.9272629661741856
CHST6,1,0.07365193627946952,0.9263480637205305
BBS12,1,0.07371584186300027,0.9262841581369997
DLD,1,0.07384038199215509,0.9261596180078449
FZD1,1,0.07428791378007377,0.9257120862199262
CLCN1,1,0.07482014388492152,0.9251798561150785
LILRB2,1,0.07492507492509248,0.9250749250749075
HPS5,1,0.07543828581600844,0.9245617141839916
AMOT,1,0.0770237637273232,0.9229762362726768
RPS3A,1,0.07718120805376934,0.9228187919462306
GDPD5,1,0.0774147727272959,0.9225852272727041
CACNG2,1,0.07769066286474097,0.9223093371352591
ACPL2,1,0.07773240119190006,0.9222675988080999
ATP1B4,1,0.0779247202441061,0.9220752797558939
OR51A7,1,0.0781324440197948,0.9218675559802052
NUP93,1,0.07822240943690782,0.9217775905630922
TUSC3,1,0.07884615384617234,0.9211538461538277
MFSD6,1,0.07891196502132687,0.9210880349786731
DDX41,1,0.07896563239720686,0.9210343676027931
COL9A1,1,0.07943560960455243,0.9205643903954476
KIAA0831,1,0.07948442534908061,0.9205155746509194
RASSF9,1,0.0797291196403186,0.9202708803596814
GPR128,1,0.07999999999995196,0.920000000000048
PLOD1,1,0.08031400966170871,0.9196859903382912
IFI44,1,0.08084057772704417,0.9191594222729558
HSD17B1,1,0.08085912823784189,0.9191408717621581
OR2M2,1,0.08121827411168042,0.9187817258883195
UBP1,1,0.08133220767525023,0.9186677923247497
ZNF548,1,0.08157536611663556,0.9184246338833645
ABCG8,1,0.08188061278322467,0.9181193872167753
PLEKHG2,1,0.08270387914642598,0.917296120853574
ABCC3,1,0.08291158082794226,0.9170884191720577
NLRC4,1,0.08329420775173921,0.9167057922482608
SMARCA2,1,0.08342348061432817,0.9165765193856719
CRB1,1,0.0838235294116964,0.9161764705883035
TRPM4,1,0.08499987966785641,0.9150001203321436
OR5K3,1,0.08524061032927155,0.9147593896707285
PYGO2,1,0.08629880420548074,0.9137011957945192
KSR2,1,0.08653846153850803,0.9134615384614919
PTPRG,1,0.08674278465148963,0.9132572153485103
XKR4,1,0.08690215692275728,0.9130978430772427
CNOT6,1,0.08719451083259655,0.9128054891674034
PCDHB11,1,0.08740995591964033,0.9125900440803597
MYLK2,1,0.08833116065970706,0.911668839340293
EFTUD1,1,0.08835098335800183,0.9116490166419982
EZH2,1,0.08840409320373935,0.9115959067962607
THOC5,1,0.08854970559730663,0.9114502944026934
NCKAP5,1,0.08856814826822824,0.9114318517317718
KIDINS220,1,0.0886654478953868,0.9113345521046132
MTMR8,2,1.0889569673893642,0.9110430326106358
OR2AG1,1,0.08902275941670805,0.910977240583292
ENC1,1,0.08903757076988626,0.9109624292301137
GRWD1,1,0.08955679571473707,0.9104432042852629
ADCY3,1,0.09049557098314982,0.9095044290168501
POU5F1,1,0.09082950223248476,0.9091704977675152
RFC1,1,0.09179587974061032,0.9082041202593897
PDS5B,1,0.09207721458950704,0.907922785410493
NTSR2,1,0.09241323681445293,0.9075867631855471
HCFC1,1,0.09252038284535827,0.9074796171546418
CEP290,1,0.09253786479446699,0.907462135205533
RFX3,1,0.0928462709284494,0.9071537290715506
GPATCH8,1,0.0930887606490691,0.9069112393509309
ACVR2B,1,0.09344790547795807,0.9065520945220419
HLA-B,1,0.09346497414161808,0.906535025858382
CNOT3,1,0.09388277668193655,0.9061172233180634
GBP1,1,0.09454867779715219,0.9054513222028479
RBKS,1,0.09467908638494756,0.9053209136150524
FAM123A,1,0.09489179006416959,0.9051082099358304
CD109,1,0.09528670491619667,0.9047132950838033
TUBA1A,1,0.0958786772713476,0.9041213227286524
B4GALNT3,1,0.09694501018187311,0.9030549898181269
PUS1,1,0.09735349716533025,0.9026465028346697
OR4Q3,1,0.09767072525214278,0.9023292747478572
MFN1,1,0.09775852326183776,0.9022414767381622
KRT79,1,0.09799693310340919,0.9020030668965908
OSBP2,1,0.09831297265507837,0.9016870273449217
TTC39A,1,0.09855472438409851,0.9014452756159015
CDON,1,0.0985772357723727,0.9014227642276273
NCOA7,1,0.09898989898889285,0.9010101010111071
EGFL8,1,0.09919742771916798,0.900802572280832
MYF5,1,0.09923118705322073,0.9007688129467792
ARAP2,1,0.10024167279555352,0.8997583272044465
RUFY1,1,0.10048522817787565,0.8995147718221244
GSTM3,1,0.10063157894743449,0.8993684210525655
ZNF460,1,0.10112275449218298,0.898877245507817
NRCAM,1,0.10140405616268167,0.8985959438373183
MED21,1,0.10140636565526297,0.898593634344737
KIF27,1,0.10184010152267137,0.8981598984773287
DYSF,1,0.10234953331188625,0.8976504666881138
KCNN3,1,0.10240052614425786,0.8975994738557421
SLC6A9,1,0.10253042035680503,0.897469579643195
IMPG2,1,0.10265450020733836,0.8973454997926616
CAGE1,1,0.10350164442201423,0.8964983555779857
SEMA4A,1,0.10353611027904329,0.8964638897209567
ZNF43,1,0.1036983321237975,0.8963016678762025
SCAND3,1,0.10424710424710837,0.8957528957528916
OR2L13,1,0.10437710437654081,0.8956228956234592
C9orf171,1,0.10473683131369847,0.8952631686863015
POLR3B,1,0.10494571773229686,0.8950542822677031
ZPBP,1,0.10547730829342923,0.8945226917065707
PGBD1,1,0.10552459413604066,0.8944754058639593
SLC43A1,1,0.10571762439836366,0.8942823756016364
HDAC2,1,0.10638991474902992,0.8936100852509701
CASP10,1,0.10657904262555182,0.8934209573744482
SMC5,1,0.10811288100463542,0.8918871189953645
GPR112,2,1.1081308197545687,0.8918691802454313
TLE6,1,0.10847603353345743,0.8915239664665425
TRIM45,1,0.10877969593989185,0.8912203040601081
ETF1,1,0.10937205355522353,0.8906279464447765
ARHGEF4,1,0.10946228571704827,0.8905377142829517
NPC1,1,0.10959999999999577,0.8904000000000042
WEE2,1,0.10963698518790155,0.8903630148120985
VRK3,1,0.10967307127514765,0.8903269287248523
SPAM1,1,0.1099999999999984,0.8900000000000016
VASH1,1,0.11019194601876071,0.8898080539812393
C6orf106,1,0.11069176209185431,0.8893082379081457
CYP26A1,1,0.11087322336649899,0.889126776633501
MORC3,1,0.11173718902879759,0.8882628109712024
PARD3,1,0.11192237483767861,0.8880776251623214
NAPSA,1,0.11217172929422253,0.8878282707057774
ABCA10,1,0.11221267997154791,0.8877873200284521
TSPAN2,1,0.11255411255408936,0.8874458874459107
GABRG2,1,0.11323433064074108,0.8867656693592589
LRRC15,1,0.11332312404284234,0.8866768759571577
SLC38A6,1,0.11342592592556687,0.8865740740744331
PSME4,2,1.1138074427182367,0.8861925572817633
ZNF485,1,0.11394284300418886,0.8860571569958111
KHDRBS3,1,0.11417639182832809,0.8858236081716719
SLC13A1,1,0.11488071959360123,0.8851192804063988
HYAL4,1,0.1151522193805814,0.8848477806194186
LMOD1,1,0.1159135559921309,0.8840864440078691
PRPF3,1,0.11652115513894393,0.8834788448610561
COPS2,1,0.11670827389647764,0.8832917261035224
PPAP2A,1,0.11680936411747075,0.8831906358825292
ASXL3,1,0.11764705882354268,0.8823529411764574
DRD2,1,0.11823480432999219,0.8817651956700078
ZNF236,1,0.11834614475480412,0.8816538552451959
MST1R,1,0.11913357400696653,0.8808664259930334
ACOXL,1,0.12002264844873203,0.879977351551268
RAP1GDS1,1,0.12035086654783758,0.8796491334521624
IGSF5,1,0.12093581123179523,0.8790641887682048
ARC,1,0.1209550738281988,0.8790449261718012
MDM2,1,0.12205975842387333,0.8779402415761267
SCEL,1,0.12208171206236523,0.8779182879376348
GREM2,1,0.1224489795924261,0.8775510204075739
HIVEP2,1,0.12250516173439185,0.8774948382656081
FAM48A,1,0.12251630801821888,0.8774836919817811
KCNJ6,1,0.12345679012344274,0.8765432098765573
SYTL5,1,0.12371134020620596,0.876288659793794
ACSS3,1,0.12437486410110969,0.8756251358988903
SON,1,0.12454448016895017,0.8754555198310499
ARHGAP5,1,0.12476370510397791,0.8752362948960221
C1orf103,1,0.12490421455797834,0.8750957854420216
POM121L12,1,0.12500000000004904,0.8749999999999509
GABRA4,1,0.12535612535610563,0.8746438746438944
PRX,1,0.12584367515722159,0.8741563248427784
DNMT3B,1,0.12759155527722163,0.8724084447227783
SYNJ1,1,0.1283901468031659,0.8716098531968342
GPR183,1,0.1287284144428739,0.8712715855571261
GDF10,1,0.1287339971552117,0.8712660028447883
CTNNA2,1,0.12967369156239758,0.8703263084376024
RASSF7,1,0.1310952118864457,0.8689047881135543
CCDC57,1,0.13227315247933275,0.8677268475206672
C6orf174,1,0.13337099424916246,0.8666290057508376
FLG,2,1.1334562207628913,0.8665437792371087
ARHGEF19,1,0.13371150729343964,0.8662884927065604
TJP1,1,0.13583650961014018,0.8641634903898598
LARP4B,1,0.13613749434598424,0.8638625056540158
FAM57B,1,0.13617021276591687,0.8638297872340831
POC1A,1,0.13651604618753177,0.8634839538124682
BRPF1,1,0.1367223595331979,0.8632776404668021
SPATA21,1,0.13702212935103958,0.8629778706489604
OR5W2,1,0.13717662088843866,0.8628233791115614
GCM2,1,0.13785532444777587,0.8621446755522242
SPATS2L,1,0.1381838074403472,0.8618161925596528
LAS1L,1,0.1396669688102954,0.8603330311897046
CAMKK1,1,0.14071294559096076,0.8592870544090392
CASZ1,1,0.14089775561114853,0.8591022443888514
PCDHA1,1,0.14097071281394244,0.8590292871860575
VIPR1,1,0.1413043478256466,0.8586956521743534
CSF3R,1,0.14139344262420614,0.8586065573757938
ADAMTS1,1,0.14148471615713373,0.8585152838428662
C9orf43,1,0.1416868932048177,0.8583131067951824
CKAP4,1,0.14182939362807365,0.8581706063719263
GPRC5B,1,0.1419878296146584,0.8580121703853416
STK33,1,0.14232433238995762,0.8576756676100423
XIRP1,1,0.14262560777963956,0.8573743922203605
ATP2B2,1,0.1431074766356394,0.8568925233643606
SEMA6D,1,0.14321039813019537,0.8567896018698047
LRRFIP1,1,0.14330543933062445,0.8566945606693755
HSD3B1,1,0.1437298849155788,0.8562701150844212
DOCK10,1,0.14401721945036605,0.855982780549634
PCDHA4,1,0.14461118690256308,0.855388813097437
ADAMTSL1,1,0.1462151136504399,0.8537848863495601
DYRK4,1,0.1473684210526671,0.8526315789473329
FAM171A1,1,0.14762386248752413,0.8523761375124759
EDC4,1,0.14941785252509157,0.8505821474749085
WDR35,1,0.1507760532151317,0.8492239467848683
SLAMF7,1,0.15144344533125936,0.8485565546687406
STT3B,1,0.15144614325224545,0.8485538567477545
KLHL12,1,0.15242018537716978,0.8475798146228302
PCDHB6,1,0.1525333804911305,0.8474666195088695
KDM3B,1,0.15280289330918628,0.8471971066908137
ATG16L1,1,0.15293313404133493,0.8470668659586651
TRPC1,1,0.15428571428778068,0.8457142857122193
PDC,1,0.15513833992023393,0.844861660079766
GTF3A,1,0.15569383383186844,0.8443061661681316
DOCK1,1,0.15649759599540186,0.8435024040045982
RAB11FIP1,1,0.15730337078655743,0.8426966292134426
DUOXA2,1,0.15752575857092763,0.8424742414290723
BRWD3,1,0.15762431420377418,0.8423756857962258
UNC45B,1,0.15772478887168942,0.8422752111283106
RIN2,1,0.1577698695135993,0.8422301304864007
ITGAX,1,0.15825688073397298,0.841743119266027
ABCA4,1,0.1585098612125451,0.8414901387874549
BCAN,1,0.1585115129996148,0.8414884870003851
IKZF4,1,0.15851819944106124,0.8414818005589387
AQP5,1,0.16004399373532893,0.839956006264671
DAG1,1,0.1601355710536942,0.8398644289463058
PHIP,1,0.1604017720048356,0.8395982279951644
ETV6,1,0.16063268892745675,0.8393673110725433
GJB4,1,0.16074632220935564,0.8392536777906443
SLC30A6,1,0.16152263374463283,0.8384773662553672
C10orf76,1,0.16257266078872523,0.8374273392112748
CATSPER4,1,0.16363360630862728,0.8363663936913728
GALNT2,1,0.1642538222166038,0.8357461777833962
WLS,1,0.16644241119469666,0.8335575888053033
GJB3,1,0.16717472366847888,0.8328252763315211
PPP1R9A,1,0.16757889833128964,0.8324211016687104
ATP2A2,1,0.16771560256170207,0.832284397438298
TRAM1L1,1,0.16784274193532114,0.8321572580646789
KRT13,1,0.1681593179344065,0.8318406820655935
CAMKV,1,0.16863207547206216,0.8313679245279378
OR1J2,1,0.16867469879518102,0.831325301204819
CYP4F12,1,0.16883116883117172,0.8311688311688283
KLHDC3,1,0.16906235001454872,0.8309376499854513
TSKS,1,0.16941529235437897,0.830584707645621
SLCO3A1,1,0.16980865142226073,0.8301913485777392
CDK11B,1,0.17015209125535805,0.829847908744642
C7orf10,1,0.17040795793760788,0.8295920420623921
FANCC,1,0.1705282669123733,0.8294717330876267
LPPR1,1,0.1705590941263366,0.8294409058736634
CYLC1,1,0.17057542548510946,0.8294245745148905
PAPPA2,1,0.17072610294403814,0.8292738970559619
AKD1,1,0.1732283464533595,0.8267716535466405
ELL,1,0.17352709209356335,0.8264729079064367
ANKRD30A,1,0.17394249534971445,0.8260575046502856
C1orf51,1,0.17438546490950566,0.8256145350904943
SEL1L2,1,0.17476464269095876,0.8252353573090412
SUPT5H,1,0.17546260099090574,0.8245373990090943
NPM1,1,0.17608138907215654,0.8239186109278435
FAM115A,1,0.17616683217484794,0.823833167825152
GRID1,1,0.17667646899401288,0.8233235310059871
G6PC,1,0.17706731642218307,0.8229326835778169
BCMO1,1,0.17760828112394608,0.8223917188760539
BTD,1,0.17813267813220826,0.8218673218677918
DAAM2,1,0.17837837837832815,0.8216216216216718
GPRC6A,1,0.1787665110730407,0.8212334889269592
FLT1,1,0.18038488291208601,0.819615117087914
RCC2,1,0.18154521350430614,0.8184547864956939
DDX60,1,0.18208586625982842,0.8179141337401716
KPRP,1,0.18372844827691426,0.8162715517230857
PKD2L1,1,0.1861004078940019,0.8138995921059982
ZNF462,1,0.18654434250771884,0.8134556574922811
PABPC3,1,0.18690992599823664,0.8130900740017634
MYLK,1,0.18709140616922587,0.8129085938307741
PPP1R3A,2,1.1872560437146895,0.8127439562853105
GABBR1,1,0.1874088291739259,0.8125911708260741
AKR7A2,1,0.18825831702542992,0.8117416829745701
SCARA3,1,0.18841669800737937,0.8115833019926206
EED,1,0.18940042503690258,0.8105995749630974
VLDLR,1,0.18968164560798945,0.8103183543920105
STRC,1,0.19004975124397605,0.809950248756024
GZMB,1,0.19011011842967968,0.8098898815703204
PIWIL4,1,0.19029042045818015,0.8097095795418199
CAPN6,1,0.19031141868510068,0.8096885813148993
SLTM,1,0.19183359013898432,0.8081664098610157
OPRM1,1,0.19202555608468655,0.8079744439153135
SH3TC2,1,0.19204630833246755,0.8079536916675325
LIMS2,1,0.1924308039909272,0.8075691960090727
LAMA2,1,0.19291338582713702,0.807086614172863
DDX23,1,0.19341039733103418,0.8065896026689658
ETV3,1,0.19384778970300964,0.8061522102969904
CLDN11,1,0.1947368421052525,0.8052631578947476
CYP4F2,1,0.19660912581810297,0.803390874181897
PRUNE2,1,0.19672131147517752,0.8032786885248224
RSRC2,1,0.19736107733761948,0.8026389226623805
SNRNP200,1,0.19760692919084372,0.8023930708091562
DHX32,1,0.1984050265823799,0.8015949734176201
ZNF75D,1,0.19914953933371599,0.8008504606662841
TPO,1,0.19915709636261486,0.8008429036373852
ZC3H18,1,0.1993226228265861,0.8006773771734139
CAND1,1,0.199531962068635,0.800468037931365
C12orf63,1,0.20009930486608984,0.7999006951339102
ATXN7L1,1,0.20033036039651655,0.7996696396034835
CAMTA1,1,0.2015105254684815,0.7984894745315185
SF3B1,1,0.20302886890678537,0.7969711310932146
AP3S2,1,0.203386952987135,0.796613047012865
LRIG3,1,0.20385430547155273,0.7961456945284473
RGL1,1,0.2046979865771983,0.7953020134228017
COL27A1,1,0.2050123695820576,0.7949876304179424
CGN,1,0.20520833333313537,0.7947916666668646
AURKB,1,0.20562654579680203,0.7943734542031979
TROAP,1,0.20734908136476193,0.7926509186352381
C6orf170,1,0.20749279538823254,0.7925072046117675
SMEK1,1,0.20780227091730435,0.7921977290826956
ZNF254,1,0.20889783961896033,0.7911021603810396
SOS1,1,0.20945665698850757,0.7905433430114924
KLHL2,1,0.20952244371005124,0.7904775562899488
WRN,1,0.2102189781016843,0.7897810218983157
RGNEF,1,0.21101170754325588,0.7889882924567442
OR7D4,1,0.21102714805322415,0.7889728519467758
SPTLC2,1,0.21116863905395025,0.7888313609460498
BUB3,1,0.21159505591658964,0.7884049440834103
MRE11A,1,0.2121116043109413,0.7878883956890587
USP6,1,0.21261798310888338,0.7873820168911166
NONO,1,0.2140034878200615,0.7859965121799385
GRIK3,1,0.2162849872774573,0.7837150127225427
BECN1,1,0.21675714231155638,0.7832428576884436
C1orf168,1,0.21748469153284644,0.7825153084671536
TCHHL1,1,0.21806557435223012,0.7819344256477698
FLRT2,1,0.21861233062576893,0.7813876693742311
TRIO,1,0.2196324518152408,0.7803675481847592
ZNF642,1,0.2200506914804163,0.7799493085195837
OXA1L,1,0.2203463203472454,0.7796536796527546
JMJD5,1,0.2206118434303109,0.7793881565696891
ALS2CR11,1,0.22243989314339443,0.7775601068566056
CDH4,1,0.22259427039427937,0.7774057296057206
NRAP,1,0.22425959882041788,0.7757404011795821
NOMO2,1,0.22598870056577797,0.7740112994342221
KRT19,1,0.2263388578018397,0.7736611421981603
MYH14,1,0.22650061248525707,0.7734993875147429
AKAP5,1,0.2269743284670873,0.7730256715329127
KDM2B,1,0.22734334541756554,0.7726566545824345
HIVEP1,1,0.2278027652828181,0.7721972347171819
ITGA10,1,0.2301304863583627,0.7698695136416374
C19orf46,1,0.23052763819138336,0.7694723618086167
PLCH2,1,0.23071161048722216,0.7692883895127778
TBC1D8B,1,0.23178025548782086,0.7682197445121791
OR5M1,1,0.23188405797101347,0.7681159420289865
PCDH15,1,0.2333931777379301,0.7666068222620699
SMOC2,1,0.2358016853338922,0.7641983146661078
LRBA,1,0.2369191799249568,0.7630808200750432
SDK1,1,0.23754980079593535,0.7624501992040646
ACSM2A,1,0.2377584330802157,0.7622415669197843
DNMT1,1,0.23909774436027045,0.7609022556397296
GNA15,1,0.23976196885572756,0.7602380311442725
C22orf42,1,0.24006622516536902,0.759933774834631
ABCB11,1,0.24169184290036985,0.7583081570996302
C9orf78,1,0.24398370973715622,0.7560162902628438
LAMA5,1,0.2442722652643936,0.7557277347356064
TRPC4AP,1,0.24562686864079272,0.7543731313592072
NIPSNAP1,1,0.2489157648539995,0.7510842351460005
SPDYA,1,0.24992759918872406,0.7500724008112759
SHQ1,1,0.2511415525124269,0.748858447487573
CLVS2,1,0.2519685039370073,0.7480314960629927
SLC18A2,1,0.2530245054312402,0.7469754945687598
FGD6,1,0.25453677172719014,0.7454632282728099
HDAC3,1,0.2554556103948214,0.7445443896051787
LRP5,1,0.25552825552800185,0.7444717444719982
GNB1,1,0.25641025640957876,0.7435897435904213
ATP2B3,1,0.25653436592563394,0.743465634074366
FAM47A,1,0.2588046197715489,0.7411953802284511
TRNT1,1,0.26066098081023414,0.7393390191897659
MYO3A,1,0.26299694189605494,0.7370030581039451
FAT4,1,0.26363875378343016,0.7363612462165698
COL2A1,1,0.2646485564632596,0.7353514435367404
KIAA1217,1,0.26502732240437665,0.7349726775956233
CBL,1,0.2661247948763663,0.7338752051236337
ADCY10,1,0.26617637970971353,0.7338236202902865
ALG13,1,0.2663934426228645,0.7336065573771355
PKHD1L1,1,0.2665214233802723,0.7334785766197277
MGAM,1,0.26719056974469496,0.732809430255305
CHIT1,1,0.26791345165420216,0.7320865483457979
CACNA2D4,1,0.2682566275689662,0.7317433724310338
DNAH10,1,0.269597457627769,0.730402542372231
SSTR4,1,0.27049180327915867,0.7295081967208413
FNDC1,1,0.2711213517663722,0.7288786482336278
MYB,1,0.27202925045635334,0.7279707495436467
PAX3,1,0.2729805013926034,0.7270194986073966
HSPA13,1,0.273816004353681,0.726183995646319
C11orf41,1,0.27430639325221157,0.7256936067477884
GUCY2C,1,0.2744729288355322,0.7255270711644678
HEATR7B2,1,0.27537423918022713,0.7246257608197728
MYO5B,1,0.276380497401685,0.723619502598315
AFF2,1,0.2764505119454539,0.7235494880545461
HOOK3,1,0.2772564951118233,0.7227435048881767
NIPBL,1,0.2775233559272561,0.7224766440727439
NBEAL1,1,0.277808883917104,0.722191116082896
ARID1A,1,0.27806122448940845,0.7219387755105915
TPTE2,1,0.27826086956518853,0.7217391304348115
WNK3,1,0.2786377708978494,0.7213622291021506
WAPAL,1,0.2788826739921855,0.7211173260078145
C10orf18,1,0.27941176470585916,0.7205882352941408
SYT17,1,0.2811723795314034,0.7188276204685966
SHANK1,1,0.2814122533749249,0.7185877466250751
TACC2,1,0.2826347305388396,0.7173652694611604
CLPX,1,0.28571428571476276,0.7142857142852372
DCT,1,0.28742514970059635,0.7125748502994036
CIC,1,0.2874859075536585,0.7125140924463416
SCARA5,1,0.290343227390225,0.709656772609775
KCNQ3,1,0.2925507900681422,0.7074492099318578
COL7A1,1,0.29316699745618147,0.7068330025438185
EPHA3,1,0.2935293619970439,0.7064706380029562
SLC18A1,1,0.2936507936507969,0.7063492063492032
OLFML3,1,0.29411764705885673,0.7058823529411433
ABL1,1,0.2945205479451457,0.7054794520548543
SACS,1,0.2950075642963657,0.7049924357036343
ZFHX3,1,0.29503759398497764,0.7049624060150224
PHACTR1,1,0.2960109489389826,0.7039890510610174
RBMX,1,0.29633337749422345,0.7036666225057766
TMEM47,1,0.30120481927710946,0.6987951807228905
CPNE3,1,0.3030091858932657,0.6969908141067342
ZFC3H1,1,0.3050102549046195,0.6949897450953805
PI4KA,1,0.30652620760908195,0.693473792390918
ATP2C1,1,0.3076923076923076,0.6923076923076924
GALNTL6,1,0.31294451448557814,0.6870554855144219
LPPR4,1,0.3139534883720926,0.6860465116279074
MAGI3,1,0.31898600475469513,0.6810139952453049
WIPF1,1,0.3191208791211727,0.6808791208788273
SUDS3,1,0.31913043478295255,0.6808695652170474
FAT2,1,0.32235638492144897,0.677643615078551
ARHGAP35,1,0.32259902380354843,0.6774009761964516
BAI1,1,0.3230003479596472,0.6769996520403527
ATP13A5,1,0.3248175182408556,0.6751824817591444
USP11,1,0.3286655683692575,0.6713344316307426
TRIM24,1,0.3288590604026849,0.6711409395973151
STXBP5L,1,0.3333333333333531,0.666666666666647
CLCN6,1,0.3333333333358163,0.6666666666641837
IGSF9B,1,0.3339245054583052,0.6660754945416948
ZNF638,1,0.3361939497946256,0.6638060502053744
FBN1,1,0.3372243839169053,0.6627756160830947
PCDH11X,1,0.3372655777376877,0.6627344222623123
ITPR1,1,0.3411482370292301,0.65885176297077
CCL21,1,0.3416149068323452,0.6583850931676548
VPS13D,1,0.34163775886136116,0.6583622411386388
MAGI1,1,0.3417502594250969,0.658249740574903
TMEM200A,1,0.34241245136159676,0.6575875486384033
ALPK3,1,0.34271365412711674,0.6572863458728833
MICAL2,1,0.34385874468239064,0.6561412553176094
ZFP42,1,0.34436030290992997,0.65563969709007
KCNH2,1,0.34449296458031614,0.6555070354196839
AP1M1,1,0.34727282674015814,0.6527271732598419
PHLPP1,1,0.34873078088093523,0.6512692191190648
ATP6V1C1,1,0.35036049698041655,0.6496395030195834
BMP10,1,0.3515013054830684,0.6484986945169315
JMJD1C,1,0.3522550544321045,0.6477449455678955
YEATS2,1,0.3534583821807107,0.6465416178192893
LZTS1,1,0.3537518353570067,0.6462481646429933
TJAP1,1,0.35443037974783315,0.6455696202521668
ANKRD12,1,0.35654512851456727,0.6434548714854327
LRWD1,1,0.35745386688783376,0.6425461331121662
SPHKAP,1,0.35782747603835835,0.6421725239616416
DSCAM,1,0.35906862745044543,0.6409313725495546
NOX3,1,0.3605947955386847,0.6394052044613153
SLC24A4,1,0.3611327617560141,0.638867238243986
PXDNL,1,0.3623693379789996,0.6376306620210004
PLXNA4,1,0.36351531291578587,0.6364846870842141
CELSR1,1,0.36363636362686885,0.6363636363731311
HSPG2,1,0.3668012108993036,0.6331987891006964
PLRG1,1,0.3673469387755443,0.6326530612244556
PPP2R2B,1,0.3680981595091981,0.6319018404908019
SAP130,1,0.36826870068988327,0.6317312993101167
CCDC60,1,0.3685244963924062,0.6314755036075939
THRB,1,0.36956521739130305,0.6304347826086969
FANCI,1,0.37546713563838063,0.6245328643616194
COL11A2,1,0.37559399353147654,0.6244060064685235
FANCM,1,0.37654320987647755,0.6234567901235224
PCDHA8,1,0.3767242110942756,0.6232757889057243
LEO1,1,0.37796768607075537,0.6220323139292446
LARS,1,0.37811109279470967,0.6218889072052903
TRO,1,0.3782937646769867,0.6217062353230133
GPR101,1,0.3796791443850354,0.6203208556149646
SREBF2,1,0.38136324417675077,0.6186367558232493
GCN1L1,1,0.3849765258214345,0.6150234741785655
SDK2,1,0.3853972204838288,0.6146027795161713
ZNF394,1,0.387095381526521,0.612904618473479
SNED1,1,0.38751545117713415,0.6124845488228658
C10orf120,1,0.3879842784958662,0.6120157215041337
SLITRK1,1,0.3886607296619113,0.6113392703380887
LRRC2,1,0.38958660505786585,0.6104133949421342
KLHDC7A,1,0.3903508771931483,0.6096491228068517
ZNF229,1,0.3908000000004324,0.6091999999995676
LTBP3,1,0.3908603993079772,0.6091396006920228
RNF25,1,0.39272727272318697,0.607272727276813
NOS1,1,0.3928571428570911,0.6071428571429089
KCNH8,1,0.39363957596854743,0.6063604240314526
MAP6,1,0.3963786013407206,0.6036213986592793
PPL,1,0.3979829382627603,0.6020170617372397
HNRNPUL1,1,0.39878419452807046,0.6012158054719295
KCNH5,1,0.39925719591479647,0.6007428040852035
PRDM9,1,0.40021633315254734,0.5997836668474527
CUL3,1,0.40139275765701266,0.5986072423429873
ZFHX4,1,0.401402026215035,0.5985979737849649
EFCAB6,1,0.40172258645514075,0.5982774135448592
NAPA,1,0.4017857142857169,0.5982142857142831
PKHD1,1,0.40409846307761776,0.5959015369223822
DOCK5,1,0.40493827160472706,0.5950617283952729
SYNE1,1,0.40495867768467286,0.5950413223153271
TCEAL6,1,0.4062681129422443,0.5937318870577557
CROCC,2,1.4126109543574352,0.5873890456425648
ATP6AP2,1,0.4142857142857151,0.585714285714285
TMEM108,1,0.41686681074272364,0.5831331892572764
GPR6,1,0.41700404858293183,0.5829959514170682
JAK2,1,0.4174440890534489,0.5825559109465511
DMD,1,0.4174573055027497,0.5825426944972503
STK36,1,0.4204586380369566,0.5795413619630434
MUC17,1,0.4205811894504349,0.5794188105495651
VPS13C,1,0.42328850855501965,0.5767114914449804
SLC7A13,1,0.42500000000000027,0.5749999999999997
RIN1,1,0.4274848296293723,0.5725151703706277
THRAP3,1,0.42763157894747494,0.5723684210525251
MPL,1,0.4279792746131142,0.5720207253868859
B3GALT5,1,0.43023255813953254,0.5697674418604675
LAMA3,1,0.43093113094351315,0.5690688690564869
EHD2,1,0.4314713787807352,0.5685286212192648
KRTAP24-1,1,0.4359504132233189,0.564049586776681
CR1,1,0.43693787910469345,0.5630621208953066
XIRP2,1,0.43733794295793527,0.5626620570420647
ASB15,1,0.43835616438356384,0.5616438356164362
PDGFRA,1,0.4407513908075177,0.5592486091924823
AFF4,1,0.4412662702831899,0.5587337297168101
HERC1,1,0.44143356643618015,0.5585664335638199
C3,1,0.4415357766144984,0.5584642233855016
UBN2,1,0.44357142857129356,0.5564285714287065
P2RY2,1,0.44364616075214813,0.5563538392478519
BBS7,1,0.44429795649374626,0.5557020435062537
PCLO,1,0.44827586206895553,0.5517241379310445
WSCD2,1,0.4545454545459039,0.5454545454540961
ANKRD26,1,0.4548927416989792,0.5451072583010208
FRYL,1,0.4565963000371238,0.5434036999628762
NOTCH1,1,0.46085672082696433,0.5391432791730357
BOD1L,1,0.46520090978200446,0.5347990902179955
DOCK9,1,0.4712389380527005,0.5287610619472995
CELSR3,1,0.47497356362203935,0.5250264363779606
MED14,1,0.47564276048871607,0.5243572395112839
OTOA,1,0.4764150943395822,0.5235849056604178
KRTAP26-1,1,0.4791666666666657,0.5208333333333344
ANK2,1,0.4802342606094337,0.5197657393905664
ARID4B,1,0.48096274864372907,0.5190372513562709
TUBGCP6,1,0.48117154811576873,0.5188284518842312
ELMOD1,1,0.48122065727692215,0.5187793427230778
CASC5,1,0.4828007101693253,0.5171992898306748
VARS2,1,0.48594258918824085,0.5140574108117592
SLC12A1,1,0.4881889763779494,0.5118110236220506
C10orf118,1,0.48969741971238984,0.5103025802876102
PARP14,1,0.489842593844147,0.5101574061558529
WNK1,1,0.4931034482874995,0.5068965517125005
EPHA8,1,0.4936708860761212,0.5063291139238788
TBC1D8,1,0.49523987306081013,0.5047601269391899
PKIB,1,0.4961832061068707,0.5038167938931293
COL5A3,1,0.49735309688086843,0.5026469031191316
SBF2,1,0.4975369458127462,0.5024630541872538
RP1,1,0.4999999999980948,0.5000000000019051
DYNC1H1,1,0.5015673981188028,0.4984326018811972
GYG2,1,0.5024533856729236,0.49754661432707636
TBC1D2,1,0.5097980707104317,0.4902019292895683
ALMS1,1,0.5133995784444977,0.4866004215555023
TP73,1,0.5139633530250284,0.4860366469749716
KIAA0802,1,0.5164914824196393,0.48350851758036073
NLRP8,1,0.5179002855229974,0.4820997144770026
SAGE1,1,0.5195681511474473,0.48043184885255275
MYCBP2,1,0.5205183585314478,0.4794816414685522
CFHR2,1,0.5213675213672403,0.4786324786327597
SIDT2,1,0.5229576624919056,0.47704233750809444
ARHGAP39,1,0.5236736064522751,0.4763263935477249
OR4C15,1,0.5242341287425673,0.47576587125743275
AKAP12,1,0.5244732576980966,0.4755267423019034
POM121C,1,0.5265999999980219,0.4734000000019781
HCN1,1,0.528718200011473,0.47128179998852704
COL22A1,1,0.5289657264157565,0.47103427358424355
LRFN3,1,0.5307692307694083,0.4692307692305917
MGAT5B,1,0.5326991676577696,0.4673008323422304
GPR98,1,0.5354092334264107,0.46459076657358933
SIGLEC1,1,0.5356415478613922,0.4643584521386078
QRICH2,1,0.5377829560643158,0.4622170439356842
TCERG1L,1,0.5412560230531148,0.4587439769468852
CUL9,1,0.549342105263181,0.45065789473681905
ADAMTS17,1,0.5532359081415743,0.4467640918584257
C2,1,0.5578947368420486,0.4421052631579514
DNAH11,1,0.5607046879553228,0.4392953120446772
GPR124,1,0.562389700430434,0.437610299569566
MED12,1,0.564630880605568,0.435369119394432
MYC,1,0.5654978303024549,0.43450216969754507
C9orf93,1,0.5737704918032803,0.4262295081967197
DCHS2,1,0.5762634197501896,0.4237365802498104
VPS13B,1,0.5771636763547598,0.42283632364524015
DNAH3,1,0.5791615528652093,0.4208384471347907
NRXN1,1,0.5811079966136432,0.4188920033863568
MYST4,1,0.5826451374262874,0.41735486257371257
CNTN6,1,0.5829739679556546,0.4170260320443454
KLF15,1,0.583333333333344,0.41666666666665597
MTMR3,1,0.5840394088666307,0.41596059113336925
PLEC,1,0.5847014925398306,0.4152985074601694
FREM2,1,0.5861542172673867,0.4138457827326133
DIAPH2,1,0.5873015873015949,0.4126984126984051
MLLT4,1,0.5913461538461825,0.4086538461538175
PLA2G4D,1,0.591560231442664,0.408439768557336
DOPEY2,1,0.5922319229997612,0.40776807700023876
BPTF,1,0.5936359308052825,0.40636406919471746
HERC2,1,0.5949523564184258,0.4050476435815742
NOTCH2,1,0.5951371849082511,0.40486281509174893
MXRA5,1,0.5957366888864554,0.40426331111354463
ADAMTS16,1,0.5962564963979509,0.40374350360204914
KATNAL2,1,0.5990424895264099,0.4009575104735901
MUC6,1,0.600725446421293,0.399274553578707
RIF1,1,0.6043443848311641,0.39565561516883585
DNAH5,1,0.616227648525613,0.38377235147438704
ZBED4,1,0.6226698092996015,0.3773301907003985
CDHR2,1,0.624499985808157,0.375500014191843
LRIT1,1,0.6326530612244863,0.3673469387755137
MLL2,1,0.6351315961694101,0.36486840383058994
UQCC,1,0.6376537369911256,0.3623462630088744
VCAN,1,0.6454983192411864,0.3545016807588136
SPEN,2,1.6507203659677812,0.34927963403221884
PTPRE,1,0.6596689543776574,0.3403310456223426
LBXCOR1,1,0.6597283662954032,0.3402716337045968
SORCS3,1,0.662551440327297,0.33744855967270304
SCN3A,1,0.6640869422162022,0.33591305778379776
FAT1,1,0.6662616444044194,0.3337383555955806
DYNC2H1,1,0.6689793577882969,0.33102064221170313
KIAA1109,1,0.6713389400587146,0.32866105994128536
NLRP11,1,0.6738047808748164,0.32619521912518357
WNK4,1,0.6774711310957487,0.32252886890425125
NEB,1,0.6783439490532321,0.32165605094676786
KCNT2,1,0.6927454670526296,0.3072545329473704
PRAMEF16,1,0.6944444444444459,0.30555555555555414
NAT8L,1,0.6989247311828318,0.3010752688171682
ARHGEF5,1,0.6995305164319837,0.3004694835680163
UPF1,1,0.707277973709968,0.29272202629003197
HELZ,1,0.7082368508178754,0.29176314918212465
CENPF,1,0.7183065556473488,0.2816934443526512
KCNT1,1,0.7198110422219153,0.2801889577780847
FLRT1,1,0.72735945128778,0.27264054871222
NTRK3,1,0.7516699838217759,0.24833001617822414
FAM194A,1,0.7674208144794398,0.23257918552056023
VPS26B,1,0.7738825775483464,0.22611742245165356
GABRR1,1,0.7757146166013731,0.22428538339862691
NAV1,1,0.7816832480845437,0.2183167519154563
ITPR3,1,0.8119906868441411,0.1880093131558589
ANO3,1,0.8478119199880264,0.1521880800119736
DNAI1,1,0.8524563145768576,0.14754368542314245
PCDH1,1,0.8545247858091256,0.1454752141908744
ODZ3,1,0.892561983468845,0.10743801653115503
GUCY2D,1,0.898598440207653,0.101401559792347
MAP1B,1,0.9037797827742131,0.09622021722578689
ARHGAP40,1,0.9184615384618968,0.08153846153810318
ODZ2,1,0.9216008075586846,0.07839919244131544
GEMIN4,1,0.9282600855607677,0.07173991443923233
C17orf97,1,0.9406250000002393,0.0593749999997607
MEGF10,1,0.9446506918888181,0.05534930811118188
NF1,1,0.9501466275660991,0.04985337243390087
RFC3,1,0.955516617682652,0.04448338231734805
CACNA1G,1,0.9578137570438192,0.042186242956180786
KIAA1239,1,0.9853313100667003,0.014668689933299728
CLDN14,1,0.9947733495803709,0.005226650419629109
CACNA2D3,1,0.9979833511645868,0.002016648835413193
ANO2,1,1.0153887608690728,-0.015388760869072815
GANC,1,1.0455009290578312,-0.04550092905783121
ZNF518B,1,1.074404672508425,-0.07440467250842508
DOCK2,1,1.0891565135337653,-0.0891565135337653
E2F8,1,1.1136277313949563,-0.1136277313949563
NFKBIL2,1,1.2104335843453637,-0.21043358434536374
CACNA1S,1,1.212226659587421,-0.21222665958742093
KCNU1,1,1.2654890636829292,-0.26548906368292924
DBX2,1,1.2800000000004055,-0.2800000000004055
CNTNAP5,1,1.3173763702664787,-0.3173763702664787
ADNP,1,1.3949959579823374,-0.39499595798233744
LRP1B,1,1.5585087477303754,-0.5585087477303754
PHF6,2,2.5923634636396162,-0.5923634636396162
TRA2B,1,1.6680235544527084,-0.6680235544527084
HMCN1,1,1.777082519159892,-0.777082519159892
C2orf89,1,1.8856935568107598,-0.8856935568107598
KIAA1683,1,1.9665116296644212,-0.9665116296644212
TM7SF4,1,2.0256711334522466,-1.0256711334522466
TET2,4,5.73288408645401,-1.7328840864540096
CCDC67,1,2.776191412457708,-1.7761914124577078
PTPRN,1,3.1506664448297186,-2.1506664448297186
EPHA10,1,3.1717158639569307,-2.1717158639569307
RYR1,1,3.2274285714270583,-2.2274285714270583
MUC16,3,5.632933610858181,-2.6329336108581813
C5,1,3.6592492631188285,-2.6592492631188285
CSMD1,2,4.894109530645758,-2.894109530645758
SCML2,1,6.120657334150405,-5.120657334150405
TTN,5,10.265846523945925,-5.265846523945925
